      timestamp ;           Chain ; ID ;   deadline ;   duration
101003487494925 ; ImageProcessing ;  1 ; 10000000000 ;  986364775
101004474501680 ; ImageProcessing ;  1 ; 10000000000 ;  668918706
101005144065550 ; ImageProcessing ;  1 ; 10000000000 ;  669189427
101005813945910 ; ImageProcessing ;  1 ; 10000000000 ;  665879335
101006480452051 ; ImageProcessing ;  1 ; 10000000000 ;  664069679
101007145175181 ; ImageProcessing ;  1 ; 10000000000 ;  669030798
101007814843150 ; ImageProcessing ;  1 ; 10000000000 ;  667326606
101008482651374 ; ImageProcessing ;  1 ; 10000000000 ;  663503630
101009146800374 ; ImageProcessing ;  1 ; 10000000000 ;  668313997
101009815753958 ; ImageProcessing ;  1 ; 10000000000 ;  666244765
101010482631344 ; ImageProcessing ;  1 ; 10000000000 ;  663957044
101011147234058 ; ImageProcessing ;  1 ; 10000000000 ;  668914924
101011816780948 ; ImageProcessing ;  1 ; 10000000000 ;  666761069
101012484180813 ; ImageProcessing ;  1 ; 10000000000 ;  664059911
101013148880465 ; ImageProcessing ;  1 ; 10000000000 ;  570338053
101013723216197 ; ImageProcessing ;  1 ; 10000000000 ;  598098733
101014385050551 ; ImageProcessing ;  1 ; 10000000000 ;  744630740
101015140684893 ; ImageProcessing ;  1 ; 10000000000 ; 1016663257
101016299526246 ; ImageProcessing ;  1 ; 10000000000 ;  630968101
101017099329086 ; ImageProcessing ;  1 ; 10000000000 ;  615257084
101017850070944 ; ImageProcessing ;  1 ; 10000000000 ;  756263993
101018698622641 ; ImageProcessing ;  1 ; 10000000000 ;  500267973
101019198899395 ; ImageProcessing ;  1 ; 10000000000 ;  545946008
101019880161926 ; ImageProcessing ;  1 ; 10000000000 ;  499610376
101020379780830 ; ImageProcessing ;  1 ; 10000000000 ;  545581608
101021058394562 ; ImageProcessing ;  1 ; 10000000000 ;  500694422
101021559098718 ; ImageProcessing ;  1 ; 10000000000 ;  547278996
101022243557490 ; ImageProcessing ;  1 ; 10000000000 ;  499788648
101022743355357 ; ImageProcessing ;  1 ; 10000000000 ;  546705350
101023425341649 ; ImageProcessing ;  1 ; 10000000000 ;  499885584
101023925241959 ; ImageProcessing ;  1 ; 10000000000 ;  545650521
101024603704956 ; ImageProcessing ;  1 ; 10000000000 ;  498966534
101025102679291 ; ImageProcessing ;  1 ; 10000000000 ;  546016306
101025786040983 ; ImageProcessing ;  1 ; 10000000000 ;  500831409
101026286881305 ; ImageProcessing ;  1 ; 10000000000 ;  546619837
101026969141844 ; ImageProcessing ;  1 ; 10000000000 ;  499620491
101027468770691 ; ImageProcessing ;  1 ; 10000000000 ;  545771411
101028147277733 ; ImageProcessing ;  1 ; 10000000000 ;  594263006
101028745454532 ; ImageProcessing ;  1 ; 10000000000 ;  705535726
101029454592456 ; ImageProcessing ;  1 ; 10000000000 ;  850678999
101030309168734 ; ImageProcessing ;  1 ; 10000000000 ;  704804059
101031017573391 ; ImageProcessing ;  1 ; 10000000000 ;  851754602
101031873228958 ; ImageProcessing ;  1 ; 10000000000 ;  705859700
101032582679749 ; ImageProcessing ;  1 ; 10000000000 ;  851839453
101033438426425 ; ImageProcessing ;  1 ; 10000000000 ;  705080890
101034147110234 ; ImageProcessing ;  1 ; 10000000000 ;  851552726
101035002567911 ; ImageProcessing ;  1 ; 10000000000 ;  705452017
101035711609434 ; ImageProcessing ;  1 ; 10000000000 ; 3799264200
101039735909537 ; ImageProcessing ;  1 ; 10000000000 ; 1955776787
101041775336147 ; ImageProcessing ;  1 ; 10000000000 ; 1494968833
101043350294362 ; ImageProcessing ;  1 ; 10000000000 ; 1995406626
101045417011707 ; ImageProcessing ;  1 ; 10000000000 ; 2796237624
101049335483298 ; ImageProcessing ;  1 ; 10000000000 ; 1576304954
101050915506841 ; ImageProcessing ;  1 ; 10000000000 ;  518040581
101051437051937 ; ImageProcessing ;  1 ; 10000000000 ;  517444702
101051958091584 ; ImageProcessing ;  1 ; 10000000000 ;  519044550
101052480695874 ; ImageProcessing ;  1 ; 10000000000 ;  518214988
101053002517454 ; ImageProcessing ;  1 ; 10000000000 ;  517754300
101053523851962 ; ImageProcessing ;  1 ; 10000000000 ;  517469290
101054044831761 ; ImageProcessing ;  1 ; 10000000000 ;  517691736
101054566118363 ; ImageProcessing ;  1 ; 10000000000 ;  517607099
101055087317617 ; ImageProcessing ;  1 ; 10000000000 ;  517453915
101055608343034 ; ImageProcessing ;  1 ; 10000000000 ;  517398411
101056129339748 ; ImageProcessing ;  1 ; 10000000000 ;  517374255
101056650316681 ; ImageProcessing ;  1 ; 10000000000 ;  517708430
101057171615084 ; ImageProcessing ;  1 ; 10000000000 ;  517407683
101057692584069 ; ImageProcessing ;  1 ; 10000000000 ;  516804596
101058212920239 ; ImageProcessing ;  1 ; 10000000000 ;  517007141
101058733530408 ; ImageProcessing ;  1 ; 10000000000 ;  516543147
101059253678401 ; ImageProcessing ;  1 ; 10000000000 ;  516887876
101059774168347 ; ImageProcessing ;  1 ; 10000000000 ;  517248931
101060295017493 ; ImageProcessing ;  1 ; 10000000000 ;  517336984
101060815943500 ; ImageProcessing ;  1 ; 10000000000 ;  517903706
101061337451503 ; ImageProcessing ;  1 ; 10000000000 ;  517713532
101061858759414 ; ImageProcessing ;  1 ; 10000000000 ;  517106838
101062379462768 ; ImageProcessing ;  1 ; 10000000000 ;  516990260
101062900036097 ; ImageProcessing ;  1 ; 10000000000 ;  517557811
101063421138598 ; ImageProcessing ;  1 ; 10000000000 ;  516407112
101063941061763 ; ImageProcessing ;  1 ; 10000000000 ;  517400902
101064462057920 ; ImageProcessing ;  1 ; 10000000000 ;  516923454
101064982575948 ; ImageProcessing ;  1 ; 10000000000 ;  517505430
101065503675133 ; ImageProcessing ;  1 ; 10000000000 ;  516862446
101066024133657 ; ImageProcessing ;  1 ; 10000000000 ;  517104622
101066544735535 ; ImageProcessing ;  1 ; 10000000000 ;  517660052
101067065986889 ; ImageProcessing ;  1 ; 10000000000 ;  517506182
101067587090951 ; ImageProcessing ;  1 ; 10000000000 ;  516466268
101068107149587 ; ImageProcessing ;  1 ; 10000000000 ;  665705618
101068789392521 ; ImageProcessing ;  1 ; 10000000000 ;  501536578
101069307363023 ; ImageProcessing ;  1 ; 10000000000 ;  502252821
101069826047809 ; ImageProcessing ;  1 ; 10000000000 ;  502586649
101070345137364 ; ImageProcessing ;  1 ; 10000000000 ;  501273715
101070862851151 ; ImageProcessing ;  1 ; 10000000000 ;  500808378
101071380117434 ; ImageProcessing ;  1 ; 10000000000 ;  500567801
101071897213905 ; ImageProcessing ;  1 ; 10000000000 ;  501165445
101072414800616 ; ImageProcessing ;  1 ; 10000000000 ;  500427594
101072931673619 ; ImageProcessing ;  1 ; 10000000000 ;  501350622
101073449487422 ; ImageProcessing ;  1 ; 10000000000 ;  502095321
101073971139908 ; ImageProcessing ;  1 ; 10000000000 ;  508862254
101074648916119 ; ImageProcessing ;  1 ; 10000000000 ;  479548873
101075148453231 ; ImageProcessing ;  1 ; 10000000000 ;  508518932
101075831440107 ; ImageProcessing ;  1 ; 10000000000 ;  480263280
101076331877783 ; ImageProcessing ;  1 ; 10000000000 ;  509401784
101077005174570 ; ImageProcessing ;  1 ; 10000000000 ;  478497339
101077508427565 ; ImageProcessing ;  1 ; 10000000000 ;  515396457
101078185010045 ; ImageProcessing ;  1 ; 10000000000 ;  478509600
101078688306990 ; ImageProcessing ;  1 ; 10000000000 ;  516174016
101079370572051 ; ImageProcessing ;  1 ; 10000000000 ;  478113156
101079874286181 ; ImageProcessing ;  1 ; 10000000000 ;  516465370
101080555165193 ; ImageProcessing ;  1 ; 10000000000 ;  478210906
101081058143439 ; ImageProcessing ;  1 ; 10000000000 ;  516221870
101081735389943 ; ImageProcessing ;  1 ; 10000000000 ;  477829882
101082238409472 ; ImageProcessing ;  1 ; 10000000000 ;  515707402
101082920008583 ; ImageProcessing ;  1 ; 10000000000 ;  478412028
101083423923035 ; ImageProcessing ;  1 ; 10000000000 ;  516681999
101083944594377 ; ImageProcessing ;  1 ; 10000000000 ;  639443778
101084608936051 ; ImageProcessing ;  1 ; 10000000000 ;  514881344
101085286374165 ; ImageProcessing ;  1 ; 10000000000 ;  702235123
101086123503490 ; ImageProcessing ;  1 ; 10000000000 ;  491155953
101086631153709 ; ImageProcessing ;  1 ; 10000000000 ;  502133652
101087149746852 ; ImageProcessing ;  1 ; 10000000000 ;  421727628
101087666994503 ; ImageProcessing ;  1 ; 10000000000 ;  417500950
101088084526265 ; ImageProcessing ;  1 ; 10000000000 ;  518968923
101088606114335 ; ImageProcessing ;  1 ; 10000000000 ;  601027336
101089306731985 ; ImageProcessing ;  1 ; 10000000000 ;  723171102
101090053414077 ; ImageProcessing ;  1 ; 10000000000 ;  814084408
101090892550565 ; ImageProcessing ;  1 ; 10000000000 ;  796444210
101091746532077 ; ImageProcessing ;  1 ; 10000000000 ;  777009560
101092555043307 ; ImageProcessing ;  1 ; 10000000000 ;  795196596
101093399148442 ; ImageProcessing ;  1 ; 10000000000 ;  869399450
101094349062465 ; ImageProcessing ;  1 ; 10000000000 ;  770559578
101095196636924 ; ImageProcessing ;  1 ; 10000000000 ;  818619270
101096042886640 ; ImageProcessing ;  1 ; 10000000000 ;  578962112
101096720931524 ; ImageProcessing ;  1 ; 10000000000 ;  763967093
101097559549128 ; ImageProcessing ;  1 ; 10000000000 ;  819414799
101098407426733 ; ImageProcessing ;  1 ; 10000000000 ;  581129654
101099084919629 ; ImageProcessing ;  1 ; 10000000000 ;  762788883
101099924864878 ; ImageProcessing ;  1 ; 10000000000 ;  815265641
101100768687064 ; ImageProcessing ;  1 ; 10000000000 ;  582052872
101101450226759 ; ImageProcessing ;  1 ; 10000000000 ;  758125965
101102285635696 ; ImageProcessing ;  1 ; 10000000000 ;  819707729
101103133068792 ; ImageProcessing ;  1 ; 10000000000 ;  823168299
101103975177173 ; ImageProcessing ;  1 ; 10000000000 ; 3668462838
101108161892329 ; ImageProcessing ;  1 ; 10000000000 ; 3153352616
101111319242963 ; ImageProcessing ;  1 ; 10000000000 ;  877607211
101112320148192 ; ImageProcessing ;  1 ; 10000000000 ;  840560279
101113171803623 ; ImageProcessing ;  1 ; 10000000000 ;  845118502
101114020893929 ; ImageProcessing ;  1 ; 10000000000 ;  855547994
101115017634425 ; ImageProcessing ;  1 ; 10000000000 ;  723819561
101115864716160 ; ImageProcessing ;  1 ; 10000000000 ;  839574865
101116715381631 ; ImageProcessing ;  1 ; 10000000000 ;  844442258
101117563821808 ; ImageProcessing ;  1 ; 10000000000 ;  855091880
101118559960438 ; ImageProcessing ;  1 ; 10000000000 ;  723536811
101119406801170 ; ImageProcessing ;  1 ; 10000000000 ;  840543360
101120258442788 ; ImageProcessing ;  1 ; 10000000000 ;  845098135
101121107538441 ; ImageProcessing ;  1 ; 10000000000 ;  855347209
101122104106366 ; ImageProcessing ;  1 ; 10000000000 ;  724495326
101122952189674 ; ImageProcessing ;  1 ; 10000000000 ;  841626368
101123805218922 ; ImageProcessing ;  1 ; 10000000000 ;  845407856
101124654624169 ; ImageProcessing ;  1 ; 10000000000 ;  854615544
101125650356248 ; ImageProcessing ;  1 ; 10000000000 ;  723232142
101126497131170 ; ImageProcessing ;  1 ; 10000000000 ;  840365936
101127348569399 ; ImageProcessing ;  1 ; 10000000000 ;  847182120
101128199749238 ; ImageProcessing ;  1 ; 10000000000 ;  857969603
101129199358895 ; ImageProcessing ;  1 ; 10000000000 ;  724879607
101130047814133 ; ImageProcessing ;  1 ; 10000000000 ;  841727373
101130900664661 ; ImageProcessing ;  1 ; 10000000000 ;  845723093
101131750385329 ; ImageProcessing ;  1 ; 10000000000 ;  760917541
101132515147236 ; ImageProcessing ;  1 ; 10000000000 ;  761462110
101133280572373 ; ImageProcessing ;  1 ; 10000000000 ;  903772701
101134187830482 ; ImageProcessing ;  1 ; 10000000000 ;  753229277
101134945048946 ; ImageProcessing ;  1 ; 10000000000 ;  670351161
101135682403521 ; ImageProcessing ;  1 ; 10000000000 ;  635105570
101136334978798 ; ImageProcessing ;  1 ; 10000000000 ;  659633960
101137067551728 ; ImageProcessing ;  1 ; 10000000000 ;  481068229
101137581976724 ; ImageProcessing ;  1 ; 10000000000 ;  590422328
101138247624850 ; ImageProcessing ;  1 ; 10000000000 ;  737818383
101138996296397 ; ImageProcessing ;  1 ; 10000000000 ;  632952107
101139707176773 ; ImageProcessing ;  1 ; 10000000000 ;  846164746
101140694088160 ; ImageProcessing ;  1 ; 10000000000 ;  689625741
101141444009239 ; ImageProcessing ;  1 ; 10000000000 ;  834969716
101142292104708 ; ImageProcessing ;  1 ; 10000000000 ;  845758059
101143137871751 ; ImageProcessing ;  1 ; 10000000000 ;  934998730
101144150735134 ; ImageProcessing ;  1 ; 10000000000 ;  779440336
101144990542747 ; ImageProcessing ;  1 ; 10000000000 ;  835456454
101145839085747 ; ImageProcessing ;  1 ; 10000000000 ;  844958079
101146684052581 ; ImageProcessing ;  1 ; 10000000000 ;  933937966
101147695957993 ; ImageProcessing ;  1 ; 10000000000 ;  778557435
101148534997425 ; ImageProcessing ;  1 ; 10000000000 ;  832551959
101149382889965 ; ImageProcessing ;  1 ; 10000000000 ;  837399827
101150233203129 ; ImageProcessing ;  1 ; 10000000000 ;  845669700
101151082869704 ; ImageProcessing ;  1 ; 10000000000 ;  927954002
101152079554719 ; ImageProcessing ;  1 ; 10000000000 ;  786622859
101152926546900 ; ImageProcessing ;  1 ; 10000000000 ;  747240839
101153693713649 ; ImageProcessing ;  1 ; 10000000000 ;  862072119
101154570877516 ; ImageProcessing ;  1 ; 10000000000 ;  739514959
101155310523950 ; ImageProcessing ;  1 ; 10000000000 ;  780271869
101156249546802 ; ImageProcessing ;  1 ; 10000000000 ;  490839025
101156744480480 ; ImageProcessing ;  1 ; 10000000000 ;  526264005
101157431424169 ; ImageProcessing ;  1 ; 10000000000 ;  707273920
101158275239228 ; ImageProcessing ;  1 ; 10000000000 ;  428406757
101158791500539 ; ImageProcessing ;  1 ; 10000000000 ;  511482959
101159475365906 ; ImageProcessing ;  1 ; 10000000000 ;  691146911
101160234573080 ; ImageProcessing ;  1 ; 10000000000 ;  681787103
101160918929541 ; ImageProcessing ;  1 ; 10000000000 ;  834728061
101161781250721 ; ImageProcessing ;  1 ; 10000000000 ;  689597775
101162473310877 ; ImageProcessing ;  1 ; 10000000000 ;  835447114
101163336273370 ; ImageProcessing ;  1 ; 10000000000 ;  690255109
101164029144132 ; ImageProcessing ;  1 ; 10000000000 ;  843955123
101164890104335 ; ImageProcessing ;  1 ; 10000000000 ;  691789778
101165584432114 ; ImageProcessing ;  1 ; 10000000000 ;  842853296
101166444356892 ; ImageProcessing ;  1 ; 10000000000 ;  691939567
101167138868168 ; ImageProcessing ;  1 ; 10000000000 ;  843032997
101167998927712 ; ImageProcessing ;  1 ; 10000000000 ;  693012198
101168694514412 ; ImageProcessing ;  1 ; 10000000000 ;  844905344
101169556649401 ; ImageProcessing ;  1 ; 10000000000 ;  692816941
101170251969708 ; ImageProcessing ;  1 ; 10000000000 ;  845538589
101171114500988 ; ImageProcessing ;  1 ; 10000000000 ;  693079549
101171810160614 ; ImageProcessing ;  1 ; 10000000000 ;  844220639
101172671391939 ; ImageProcessing ;  1 ; 10000000000 ;  691976247
101173365950222 ; ImageProcessing ;  1 ; 10000000000 ;  845735463
101174228820335 ; ImageProcessing ;  1 ; 10000000000 ;  693129615
101174924520753 ; ImageProcessing ;  1 ; 10000000000 ;  844318328
101175785874478 ; ImageProcessing ;  1 ; 10000000000 ;  693246051
101176481701294 ; ImageProcessing ;  1 ; 10000000000 ;  843785559
101177342477248 ; ImageProcessing ;  1 ; 10000000000 ;  693462895
101178038494762 ; ImageProcessing ;  1 ; 10000000000 ;  843929366
101178899429873 ; ImageProcessing ;  1 ; 10000000000 ;  693581952
101179595477383 ; ImageProcessing ;  1 ; 10000000000 ;  844427274
101180457089516 ; ImageProcessing ;  1 ; 10000000000 ;  693095821
101181152778791 ; ImageProcessing ;  1 ; 10000000000 ;  845363278
101182015155498 ; ImageProcessing ;  1 ; 10000000000 ;  694084874
101182711719813 ; ImageProcessing ;  1 ; 10000000000 ;  845034247
101183573746886 ; ImageProcessing ;  1 ; 10000000000 ;  693460305
101184269778485 ; ImageProcessing ;  1 ; 10000000000 ;  844188029
101185130983583 ; ImageProcessing ;  1 ; 10000000000 ;  693837292
101185827275022 ; ImageProcessing ;  1 ; 10000000000 ;  845551028
101186689816737 ; ImageProcessing ;  1 ; 10000000000 ;  693539388
101187385919818 ; ImageProcessing ;  1 ; 10000000000 ;  845514833
101188248537131 ; ImageProcessing ;  1 ; 10000000000 ;  693755284
101188944873047 ; ImageProcessing ;  1 ; 10000000000 ;  845033385
101189807094529 ; ImageProcessing ;  1 ; 10000000000 ;  694386525
101190503943732 ; ImageProcessing ;  1 ; 10000000000 ;  845448939
101191366389541 ; ImageProcessing ;  1 ; 10000000000 ;  694248496
101192063077131 ; ImageProcessing ;  1 ; 10000000000 ;  845127219
101192925275560 ; ImageProcessing ;  1 ; 10000000000 ;  693243677
101193621081381 ; ImageProcessing ;  1 ; 10000000000 ;  844217030
101194482299612 ; ImageProcessing ;  1 ; 10000000000 ;  693308941
101195178177047 ; ImageProcessing ;  1 ; 10000000000 ;  842505517
101196037680005 ; ImageProcessing ;  1 ; 10000000000 ;  693399282
101196733626653 ; ImageProcessing ;  1 ; 10000000000 ;  844837439
101197595472720 ; ImageProcessing ;  1 ; 10000000000 ;  692635339
101198290631325 ; ImageProcessing ;  1 ; 10000000000 ;  516518587
101198809691342 ; ImageProcessing ;  1 ; 10000000000 ;  516773172
101199329029668 ; ImageProcessing ;  1 ; 10000000000 ;  515819028
101199847274118 ; ImageProcessing ;  1 ; 10000000000 ;  516626313
101200366420294 ; ImageProcessing ;  1 ; 10000000000 ;  517667507
101200886602239 ; ImageProcessing ;  1 ; 10000000000 ;  517476767
101201406597933 ; ImageProcessing ;  1 ; 10000000000 ;  516276425
101201925430054 ; ImageProcessing ;  1 ; 10000000000 ;  516409092
101202444396370 ; ImageProcessing ;  1 ; 10000000000 ;  517007104
101202963856625 ; ImageProcessing ;  1 ; 10000000000 ;  517132325
