# hostname;timestamp;CPU0%user;CPU0%system;CPU0%iowait;CPU0%idle;CPU1%user;CPU1%system;CPU1%iowait;CPU1%idle;CPU2%user;CPU2%system;CPU2%iowait;CPU2%idle;CPU3%user;CPU3%system;CPU3%iowait;CPU3%idle; pgpgin-s;pgpgout-s;fault-s;pgfree-s;kbmemfree;kbavail;kbmemused;%memused;kbbuffers;kbcached;kbcommit;%commit;kbactive;kbinact;kbdirty;CPU0MHz;CPU1MHz;CPU2MHz;CPU3MHz;CPU0degC;CPU1degC;CPU2degC;CPU3degC
BrixPyxis;2019-07-31 16:13:25 UTC;0,00;0,00;0,00;100,00;0,00;0,00;0,00;100,00;0,00;0,00;0,00;100,00;0,00;0,00;0,00;100,00;0,00;0,00;3,00;5,00;15149932;15760576;1147460;7,04;74604;717652;1464600;7,96;477944;496000;424;1800,00;1800,00;1800,00;1800,00;0,00;61,00;60,00;59,00
BrixPyxis;2019-07-31 16:13:26 UTC;0,00;0,00;0,00;100,00;1,00;0,00;3,00;96,00;0,00;0,00;0,00;100,00;0,00;0,00;0,00;100,00;0,00;96,00;1,00;6,00;15149808;15760452;1147584;7,04;74612;717676;1464600;7,96;477944;496000;484;1800,00;1800,00;1800,00;1800,00;0,00;61,00;60,00;59,00
BrixPyxis;2019-07-31 16:13:27 UTC;0,00;0,00;0,00;100,00;0,00;0,00;0,00;100,00;0,00;0,00;0,00;100,00;0,00;0,00;0,00;100,00;0,00;0,00;0,00;5,00;15149808;15760452;1147584;7,04;74612;717700;1464600;7,96;477944;496000;508;1800,00;1800,00;1800,00;1800,00;0,00;61,00;60,00;59,00
BrixPyxis;2019-07-31 16:13:28 UTC;0,00;0,00;0,00;100,00;7,07;3,03;0,00;89,90;0,00;0,00;0,00;100,00;0,00;0,00;0,00;100,00;0,00;0,00;1301,00;14864,00;15144104;15755576;1153288;7,08;74612;718600;1466776;7,97;481668;496828;1408;1800,00;1800,00;1800,00;1800,00;0,00;61,00;60,00;59,00
BrixPyxis;2019-07-31 16:13:29 UTC;0,00;1,03;0,00;98,97;76,00;14,00;9,00;1,00;0,00;0,00;0,00;100,00;0,00;0,00;0,00;100,00;0,00;8892,00;10274,00;78377,00;15141624;15754468;1155768;7,09;74612;719772;1465400;7,97;483040;498192;1728;1800,00;1800,00;1800,00;1800,00;0,00;61,00;60,00;59,00
BrixPyxis;2019-07-31 16:13:30 UTC;0,00;0,00;0,00;100,00;69,00;14,00;16,00;1,00;0,00;0,00;0,00;100,00;0,00;0,00;0,00;100,00;0,00;12256,00;9268,00;75985,00;15145344;15757440;1152048;7,07;74612;719220;1465400;7,97;480104;497464;1096;1800,00;1800,00;1800,00;1800,00;0,00;61,00;60,00;59,00
BrixPyxis;2019-07-31 16:13:31 UTC;0,00;0,00;2,06;97,94;71,43;16,33;12,24;0,00;0,00;0,00;3,06;96,94;0,00;0,00;0,00;100,00;0,00;12144,00;9174,00;66848,00;15116328;15729624;1181064;7,25;74620;720564;1494164;8,12;477960;498912;828;1800,00;1800,00;1800,00;1800,00;0,00;61,00;60,00;60,00
BrixPyxis;2019-07-31 16:13:32 UTC;0,00;0,00;0,00;100,00;65,00;11,00;24,00;0,00;0,00;0,00;0,00;100,00;0,00;0,00;0,00;100,00;0,00;9808,00;8684,00;73623,00;15144228;15756568;1153164;7,08;74620;719268;1465400;7,97;480888;497708;1436;1800,00;1800,00;1800,00;1800,00;0,00;61,00;61,00;60,00
BrixPyxis;2019-07-31 16:13:33 UTC;0,00;1,03;0,00;98,97;79,80;12,12;7,07;1,01;0,00;0,00;0,00;100,00;0,00;0,00;0,00;100,00;0,00;12332,00;10335,00;75977,00;15142492;15755224;1154900;7,09;74620;719876;1465400;7,97;482260;498100;1752;1800,00;1800,00;1800,00;1800,00;0,00;61,00;61,00;60,00
BrixPyxis;2019-07-31 16:13:34 UTC;0,00;0,00;0,00;100,00;85,00;14,00;0,00;1,00;0,00;0,00;0,00;100,00;0,00;0,00;0,00;100,00;0,00;12856,00;11324,00;83576,00;15143856;15755904;1153536;7,08;74620;719264;1466776;7,97;481500;497408;1368;1800,00;1800,00;1800,00;1800,00;0,00;61,00;60,00;60,00
BrixPyxis;2019-07-31 16:13:35 UTC;0,00;0,00;0,00;100,00;86,87;13,13;0,00;0,00;0,00;0,00;0,00;100,00;0,00;0,00;0,00;100,00;0,00;12548,00;11367,00;77481,00;15143360;15755604;1154032;7,08;74620;719172;1466432;7,97;481696;497604;1684;1800,00;1800,00;1800,00;1800,00;0,00;61,00;60,00;60,00
BrixPyxis;2019-07-31 16:13:36 UTC;0,00;1,04;0,00;98,96;86,00;13,00;0,00;1,00;0,00;0,00;0,00;100,00;0,00;0,00;0,00;100,00;0,00;11984,00;11530,00;80049,00;15141872;15754368;1155520;7,09;74628;719604;1466776;7,97;482676;497856;1748;1800,00;1800,00;1800,00;1800,00;0,00;60,00;60,00;59,00
BrixPyxis;2019-07-31 16:13:37 UTC;0,00;0,00;0,00;100,00;85,15;13,86;0,00;0,99;0,00;0,00;0,00;100,00;0,00;0,00;0,00;100,00;0,00;12548,00;11352,00;77484,00;15141748;15754244;1155644;7,09;74628;719804;1466432;7,97;482872;497856;2064;1800,00;1800,00;1800,00;1800,00;0,00;60,00;60,00;59,00
BrixPyxis;2019-07-31 16:13:38 UTC;0,00;0,00;0,00;100,00;86,87;13,13;0,00;0,00;0,00;0,00;0,00;100,00;0,00;0,00;0,00;100,00;0,00;11932,00;11558,00;80037,00;15140384;15753272;1157008;7,10;74628;719944;1466776;7,97;484048;498248;2380;1800,00;1800,00;1800,00;1800,00;0,00;61,00;61,00;61,00
BrixPyxis;2019-07-31 16:13:39 UTC;0,00;0,00;0,00;100,00;82,35;16,67;0,00;0,98;0,00;0,00;0,00;100,00;0,00;1,02;0,00;98,98;0,00;12548,00;11366,00;77474,00;15140384;15753328;1157008;7,10;74628;720144;1466432;7,97;484244;498304;2404;1800,00;1800,00;1800,00;1800,00;0,00;61,00;61,00;61,00
BrixPyxis;2019-07-31 16:13:40 UTC;0,00;0,00;0,00;100,00;86,87;12,12;0,00;1,01;0,00;0,00;0,00;100,00;0,00;0,00;0,00;100,00;0,00;11932,00;11520,00;80044,00;15138772;15751968;1158620;7,11;74628;720288;1466776;7,97;485232;498548;2724;1800,00;1800,00;1800,00;1800,00;0,00;61,00;60,00;60,00
BrixPyxis;2019-07-31 16:13:41 UTC;0,00;0,00;0,00;100,00;86,87;13,13;0,00;0,00;0,00;0,00;0,00;100,00;0,00;0,00;0,00;100,00;0,00;12600,00;11334,00;79262,00;15145612;15758808;1151780;7,07;74636;720196;1466432;7,97;478372;498548;2752;1800,00;1800,00;1800,00;1800,00;0,00;61,00;60,00;60,00
BrixPyxis;2019-07-31 16:13:42 UTC;0,00;0,00;0,00;100,00;86,00;13,00;0,00;1,00;0,00;0,00;0,00;100,00;0,00;0,00;0,00;100,00;0,00;11932,00;11409,00;80140,00;15145436;15758828;1151956;7,07;74636;720628;1466776;7,97;478568;498744;2776;1800,00;1800,00;1800,00;1800,00;0,00;61,00;60,00;60,00
BrixPyxis;2019-07-31 16:13:43 UTC;0,00;0,00;0,00;100,00;85,00;15,00;0,00;0,00;0,00;1,02;0,00;98,98;0,00;0,00;0,00;100,00;0,00;14688,00;11261,00;77679,00;15142244;15756028;1155148;7,09;74636;720828;1466432;7,97;477980;499136;1048;1800,00;1800,00;1800,00;1800,00;0,00;61,00;60,00;60,00
BrixPyxis;2019-07-31 16:13:44 UTC;0,00;1,03;0,00;98,97;85,00;14,00;0,00;1,00;0,00;0,00;0,00;100,00;0,00;0,00;0,00;100,00;0,00;12548,00;11403,00;80301,00;15145744;15759584;1151648;7,07;74636;720964;1466776;7,97;478176;499192;1072;1800,00;1800,00;1800,00;1800,00;0,00;61,00;60,00;60,00
BrixPyxis;2019-07-31 16:13:45 UTC;0,00;0,00;0,00;100,00;86,87;13,13;0,00;0,00;0,00;0,00;0,00;100,00;0,00;0,00;0,00;100,00;0,00;11932,00;11627,00;92205,00;15147012;15758892;1150380;7,06;74636;718948;1466776;7,97;478568;497232;1096;1800,00;1800,00;1800,00;1800,00;0,00;61,00;60,00;60,00
BrixPyxis;2019-07-31 16:13:46 UTC;0,00;0,00;0,00;100,00;85,15;13,86;0,00;0,99;0,00;0,00;0,00;100,00;0,00;0,00;0,00;100,00;0,00;12600,00;11271,00;77473,00;15147124;15759060;1150268;7,06;74644;718860;1466432;7,97;478372;497288;1124;1800,00;1800,00;1800,00;1800,00;0,00;61,00;61,00;60,00
BrixPyxis;2019-07-31 16:13:47 UTC;0,00;0,00;0,00;100,00;86,00;13,00;0,00;1,00;0,00;0,00;0,00;100,00;0,00;0,00;0,00;100,00;0,00;11932,00;11617,00;80096,00;15145716;15757708;1151676;7,07;74644;719000;1466776;7,97;479564;497328;1440;1800,00;1800,00;1800,00;1800,00;0,00;61,00;61,00;60,00
BrixPyxis;2019-07-31 16:13:48 UTC;0,00;1,03;0,00;98,97;88,00;12,00;0,00;0,00;0,00;0,00;0,00;100,00;0,00;0,00;0,00;100,00;0,00;12548,00;11349,00;77494,00;15145716;15757708;1151676;7,07;74644;719200;1466432;7,97;479760;497328;1464;1800,00;1800,00;1800,00;1800,00;0,00;61,00;60,00;60,00
BrixPyxis;2019-07-31 16:13:49 UTC;0,00;0,00;0,00;100,00;85,86;13,13;0,00;1,01;0,00;0,00;0,00;100,00;0,00;0,00;0,00;100,00;0,00;11936,00;11569,00;80054,00;15144228;15756496;1153164;7,08;74644;719340;1466776;7,97;480936;497604;1776;1800,00;1800,00;1800,00;1800,00;0,00;61,00;60,00;60,00
BrixPyxis;2019-07-31 16:13:50 UTC;0,00;0,00;0,00;100,00;86,14;13,86;0,00;0,00;0,00;0,00;0,00;100,00;0,00;0,00;0,00;100,00;0,00;12548,00;11366,00;77478,00;15143856;15756320;1153536;7,08;74644;719540;1466432;7,97;481132;497800;1800;1800,00;1800,00;1800,00;1800,00;0,00;61,00;61,00;60,00
BrixPyxis;2019-07-31 16:13:51 UTC;0,00;0,00;0,00;100,00;83,00;16,00;0,00;1,00;0,00;0,00;0,00;100,00;0,00;0,00;0,00;100,00;0,00;11984,00;11417,00;80102,00;15142864;15755740;1154528;7,08;74652;719976;1466776;7,97;481528;498208;2412;1800,00;1800,00;1800,00;1800,00;0,00;61,00;60,00;59,00
BrixPyxis;2019-07-31 16:13:52 UTC;0,00;0,00;0,00;100,00;83,84;16,16;0,00;0,00;0,00;0,00;0,00;100,00;0,00;1,01;0,00;98,99;0,00;12548,00;11353,00;77484,00;15142616;15755744;1154776;7,09;74652;720176;1466432;7,97;481724;498460;2436;1800,00;1800,00;1800,00;1800,00;0,00;61,00;60,00;59,00
BrixPyxis;2019-07-31 16:13:53 UTC;0,00;1,04;0,00;98,96;82,18;16,83;0,00;0,99;0,00;1,04;0,00;98,96;0,00;0,00;0,00;100,00;0,00;11932,00;11597,00;80053,00;15140756;15754080;1156636;7,10;74652;720316;1466776;7,97;482900;498656;2824;1800,00;1800,00;1800,00;1800,00;0,00;61,00;60,00;60,00
BrixPyxis;2019-07-31 16:13:54 UTC;0,00;0,00;0,00;100,00;84,00;15,00;0,00;1,00;0,00;0,00;0,00;100,00;0,00;0,00;0,00;100,00;0,00;12724,00;11315,00;77500,00;15141004;15754548;1156388;7,10;74652;720516;1466432;7,97;482904;498876;2672;1800,00;1800,00;1800,00;1800,00;0,00;61,00;60,00;60,00
BrixPyxis;2019-07-31 16:13:55 UTC;0,00;1,03;0,00;98,97;85,71;14,29;0,00;0,00;0,00;0,00;0,00;100,00;0,00;0,00;0,00;100,00;0,00;11932,00;11573,00;80041,00;15139268;15753012;1158124;7,11;74652;720656;1466776;7,97;484276;499072;2988;1800,00;1800,00;1800,00;1800,00;0,00;61,00;60,00;60,00
BrixPyxis;2019-07-31 16:13:56 UTC;0,00;0,00;0,00;100,00;84,16;14,85;0,00;0,99;0,00;0,00;0,00;100,00;0,00;0,00;0,00;100,00;0,00;12616,00;11363,00;77487,00;15139392;15753136;1158000;7,11;74660;720856;1466432;7,97;484472;499072;3028;1800,00;1800,00;1800,00;1800,00;0,00;61,00;60,00;60,00
BrixPyxis;2019-07-31 16:13:57 UTC;0,00;0,00;0,00;100,00;84,16;14,85;0,00;0,99;0,00;1,03;0,00;98,97;0,00;0,00;0,00;100,00;0,00;12244,00;11533,00;80198,00;15138368;15752364;1159024;7,11;74660;721260;1466432;7,97;485268;499312;3348;1800,00;1800,00;1800,00;1800,00;0,00;61,00;60,00;60,00
BrixPyxis;2019-07-31 16:13:58 UTC;0,00;0,00;0,00;100,00;86,73;13,27;0,00;0,00;0,00;0,00;0,00;100,00;0,00;0,00;0,00;100,00;0,00;12236,00;11428,00;81974,00;15144516;15758564;1152876;7,07;74660;721316;1466776;7,97;478608;499364;3372;1800,00;1800,00;1800,00;1800,00;0,00;61,00;60,00;60,00
BrixPyxis;2019-07-31 16:13:59 UTC;0,00;1,04;0,00;98,96;86,14;12,87;0,00;0,99;0,00;0,00;0,00;100,00;0,00;0,00;0,00;100,00;0,00;15964,00;11251,00;77658,00;15136020;15750288;1161372;7,13;74660;721256;1466432;7,97;478020;499584;76;1800,00;1800,00;1800,00;1800,00;0,00;61,00;60,00;60,00
BrixPyxis;2019-07-31 16:14:00 UTC;0,00;1,04;0,00;98,96;86,00;13,00;0,00;1,00;0,00;0,00;0,00;100,00;0,00;0,00;0,00;100,00;0,00;12548,00;11439,00;80664,00;15126336;15740660;1171056;7,19;74660;720184;1484188;8,07;478216;498464;232;1800,00;1800,00;1800,00;1800,00;0,00;61,00;60,00;60,00
BrixPyxis;2019-07-31 16:14:01 UTC;0,00;1,03;0,00;98,97;84,85;15,15;0,00;0,00;0,00;0,00;0,00;100,00;0,00;0,00;0,00;100,00;0,00;12012,00;11657,00;92244,00;15147428;15759800;1149964;7,06;74668;718004;1466776;7,97;478612;496324;268;1800,00;1800,00;1800,00;1800,00;0,00;61,00;60,00;60,00
BrixPyxis;2019-07-31 16:14:02 UTC;0,00;0,00;0,00;100,00;84,00;15,00;0,00;1,00;0,00;0,00;0,00;100,00;0,00;0,00;0,00;100,00;0,00;12548,00;11270,00;77498,00;15147720;15760148;1149672;7,05;74668;717916;1466432;7,97;478416;496380;588;1800,00;1800,00;1800,00;1800,00;0,00;61,00;60,00;60,00
BrixPyxis;2019-07-31 16:14:03 UTC;0,00;0,00;0,00;100,00;85,00;14,00;0,00;1,00;0,00;0,00;0,00;100,00;0,00;0,00;0,00;100,00;0,00;11932,00;11534,00;80110,00;15146436;15759256;1150956;7,06;74668;718348;1466776;7,97;479200;496772;904;1800,00;1800,00;1800,00;1800,00;0,00;61,00;60,00;60,00
BrixPyxis;2019-07-31 16:14:04 UTC;0,00;1,03;0,00;98,97;83,00;17,00;0,00;0,00;0,00;0,00;0,00;100,00;0,00;0,00;0,00;100,00;0,00;12564,00;11354,00;77486,00;15146188;15759008;1151204;7,06;74668;718548;1466432;7,97;479396;496788;912;1800,00;1800,00;1800,00;1800,00;0,00;61,00;60,00;60,00
BrixPyxis;2019-07-31 16:14:05 UTC;0,00;0,00;0,00;100,00;86,00;13,00;0,00;1,00;0,00;0,00;0,00;100,00;0,00;0,00;0,00;100,00;0,00;11932,00;11560,00;80030,00;15144328;15757404;1153064;7,08;74668;718688;1466776;7,97;480572;497040;1228;1800,00;1800,00;1800,00;1800,00;0,00;61,00;61,00;60,00
BrixPyxis;2019-07-31 16:14:06 UTC;0,00;0,00;1,03;98,97;85,86;14,14;0,00;0,00;0,00;0,00;0,00;100,00;0,00;1,02;0,00;98,98;0,00;12632,00;11367,00;77469,00;15144204;15757476;1153188;7,08;74676;718888;1466432;7,97;480768;497236;1280;1800,00;1800,00;1800,00;1800,00;0,00;61,00;61,00;60,00
BrixPyxis;2019-07-31 16:14:07 UTC;0,00;1,04;0,00;98,96;87,00;12,00;0,00;1,00;0,00;0,00;0,00;100,00;0,00;0,00;0,00;100,00;0,00;11932,00;11468,00;80041,00;15143212;15756680;1154180;7,08;74676;719028;1466776;7,97;481552;497432;1608;1800,00;1800,00;1800,00;1800,00;0,00;61,00;61,00;59,00
BrixPyxis;2019-07-31 16:14:08 UTC;0,00;0,00;0,00;100,00;87,88;12,12;0,00;0,00;0,00;0,00;0,00;100,00;0,00;0,00;0,00;100,00;0,00;12548,00;11333,00;77490,00;15143336;15756852;1154056;7,08;74676;719232;1466432;7,97;481568;497472;1636;1800,00;1800,00;1800,00;1800,00;0,00;61,00;61,00;59,00
BrixPyxis;2019-07-31 16:14:09 UTC;0,00;0,00;0,00;100,00;87,00;12,00;0,00;1,00;0,00;0,00;0,00;100,00;0,00;1,02;0,00;98,98;0,00;11980,00;11572,00;80038,00;15141724;15755492;1155668;7,09;74676;719372;1466776;7,97;482940;497724;1856;1800,00;1800,00;1800,00;1800,00;0,00;61,00;60,00;60,00
BrixPyxis;2019-07-31 16:14:10 UTC;0,00;0,00;0,00;100,00;84,16;14,85;0,00;0,99;0,00;0,00;0,00;100,00;0,00;0,00;0,00;100,00;0,00;12548,00;11326,00;77481,00;15141724;15755688;1155668;7,09;74676;719572;1466432;7,97;482940;497920;1880;1800,00;1800,00;1800,00;1800,00;0,00;61,00;60,00;60,00
BrixPyxis;2019-07-31 16:14:11 UTC;0,00;0,00;0,00;100,00;87,88;12,12;0,00;0,00;0,00;0,00;0,00;100,00;0,00;1,03;0,00;98,97;0,00;11992,00;11566,00;80052,00;15139988;15754204;1157404;7,10;74684;719712;1466776;7,97;484116;498172;2244;1800,00;1800,00;1800,00;1800,00;0,00;61,00;60,00;60,00
BrixPyxis;2019-07-31 16:14:12 UTC;0,00;0,00;0,00;100,00;87,13;11,88;0,00;0,99;0,00;0,00;0,00;100,00;0,00;0,00;0,00;100,00;0,00;12548,00;11766,00;77769,00;15139740;15754012;1157652;7,10;74684;719912;1466432;7,97;484320;498220;2268;1800,00;1800,00;1800,00;1800,00;0,00;61,00;60,00;60,00
BrixPyxis;2019-07-31 16:14:13 UTC;0,00;0,00;0,00;100,00;73,00;14,00;12,00;1,00;0,00;0,00;0,00;100,00;0,00;0,00;0,00;100,00;0,00;13164,00;9901,00;77301,00;15145928;15760172;1151464;7,07;74684;719912;1465400;7,97;478436;498192;540;1800,00;1800,00;1800,00;1800,00;0,00;61,00;61,00;60,00
BrixPyxis;2019-07-31 16:14:14 UTC;0,00;1,03;0,00;98,97;70,41;12,24;17,35;0,00;0,00;0,00;0,00;100,00;0,00;1,01;0,00;98,99;0,00;10232,00;9205,00;73822,00;15142096;15755952;1155296;7,09;74684;719552;1465400;7,97;482748;497800;1444;1800,00;1800,00;1800,00;1800,00;0,00;61,00;61,00;60,00
BrixPyxis;2019-07-31 16:14:15 UTC;0,00;0,00;0,00;100,00;67,68;14,14;17,17;1,01;0,00;0,00;0,00;100,00;0,00;0,00;0,00;100,00;0,00;12256,00;8989,00;75973,00;15146560;15759688;1150832;7,06;74684;718700;1465400;7,97;478828;497072;592;1800,00;1800,00;1800,00;1800,00;0,00;61,00;60,00;60,00
BrixPyxis;2019-07-31 16:14:16 UTC;0,00;0,00;1,04;98,96;76,77;12,12;11,11;0,00;0,00;0,00;4,08;95,92;0,00;1,02;0,00;98,98;0,00;12004,00;9728,00;75423,00;15145568;15760292;1151824;7,07;74692;720336;1465056;7,96;478400;498668;616;1800,00;1800,00;1800,00;1800,00;0,00;61,00;60,00;60,00
BrixPyxis;2019-07-31 16:14:17 UTC;0,00;0,00;0,00;100,00;70,71;13,13;15,15;1,01;0,00;0,00;0,00;100,00;0,00;0,00;0,00;100,00;0,00;9500,00;9584,00;63971,00;15145556;15759664;1151836;7,07;74692;719816;1473372;8,01;478628;498052;2400;1800,00;1800,00;1800,00;1800,00;0,00;61,00;60,00;59,00
BrixPyxis;2019-07-31 16:14:18 UTC;0,00;1,03;0,00;98,97;68,69;16,16;15,15;0,00;0,00;0,00;0,00;100,00;0,00;1,01;0,00;98,99;0,00;12256,00;9455,00;73994,00;15140980;15755088;1156412;7,10;74692;719940;1465400;7,97;483532;498052;1840;1800,00;1800,00;1800,00;1800,00;0,00;61,00;60,00;59,00
BrixPyxis;2019-07-31 16:14:19 UTC;0,00;0,00;0,00;100,00;67,68;17,17;15,15;0,00;0,00;0,00;0,00;100,00;1,00;0,00;0,00;99,00;0,00;12256,00;9393,00;75967,00;15143708;15757284;1153684;7,08;74692;719384;1465400;7,97;481372;497520;1284;1800,00;1800,00;1800,00;1800,00;0,00;61,00;60,00;60,00
BrixPyxis;2019-07-31 16:14:20 UTC;0,00;0,00;0,00;100,00;69,39;17,35;13,27;0,00;0,00;0,00;0,00;100,00;0,00;0,00;0,00;100,00;0,00;12256,00;9514,00;75976,00;15145940;15759124;1151452;7,07;74692;718824;1465400;7,97;479612;497128;1016;1800,00;1800,00;1800,00;1800,00;0,00;61,00;60,00;60,00
BrixPyxis;2019-07-31 16:14:21 UTC;0,00;0,00;2,08;97,92;70,71;15,15;13,13;1,01;0,00;0,00;5,05;94,95;0,00;0,00;1,01;98,99;0,00;12012,00;9463,00;72512,00;15145268;15759908;1152124;7,07;74700;720164;1465400;7,97;478644;498576;748;1800,00;1800,00;1800,00;1800,00;0,00;61,00;60,00;60,00
BrixPyxis;2019-07-31 16:14:22 UTC;0,00;0,00;0,00;100,00;73,74;13,13;12,12;1,01;0,00;0,00;0,00;100,00;0,00;1,00;0,00;99,00;0,00;11948,00;9480,00;61336,00;15098696;15713588;1198696;7,36;74700;720484;1515492;8,24;478056;498828;772;1800,00;1800,00;1800,00;1800,00;0,00;61,00;60,00;60,00
BrixPyxis;2019-07-31 16:14:23 UTC;0,00;0,00;0,00;100,00;70,30;12,87;16,83;0,00;0,00;0,00;0,00;100,00;0,00;0,00;0,00;100,00;0,00;9808,00;9745,00;73625,00;15138872;15753540;1158520;7,11;74700;720356;1465400;7,97;485108;498604;2256;1800,00;1800,00;1800,00;1800,00;0,00;61,00;60,00;59,00
BrixPyxis;2019-07-31 16:14:24 UTC;0,00;0,00;0,00;100,00;77,78;18,18;4,04;0,00;0,00;0,00;0,00;100,00;0,00;0,00;0,00;100,00;0,00;14396,00;10405,00;89978,00;15146120;15759896;1151272;7,06;74700;719332;1466088;7,97;478644;497708;1112;1800,00;1800,00;1800,00;1800,00;0,00;61,00;60,00;59,00
BrixPyxis;2019-07-31 16:14:25 UTC;0,00;0,00;0,00;100,00;83,17;15,84;0,00;0,99;0,00;0,00;0,00;100,00;1,01;0,00;0,00;98,99;0,00;12856,00;11286,00;74974,00;15124528;15737520;1172864;7,20;74700;718484;1486384;8,08;478252;496924;848;1800,00;1800,00;1800,00;1800,00;0,00;61,00;61,00;60,00
BrixPyxis;2019-07-31 16:14:26 UTC;0,00;0,00;0,00;100,00;87,88;11,11;0,00;1,01;0,00;0,00;0,00;100,00;0,00;0,00;0,00;100,00;0,00;11984,00;11708,00;85880,00;15145660;15758652;1151732;7,07;74708;718624;1466776;7,97;479428;496924;1168;1800,00;1800,00;1800,00;1800,00;0,00;61,00;61,00;60,00
BrixPyxis;2019-07-31 16:14:27 UTC;0,00;2,06;0,00;97,94;86,87;13,13;0,00;0,00;0,00;0,00;0,00;100,00;0,00;1,03;0,00;98,97;0,00;12548,00;11336,00;77468,00;15145660;15758708;1151732;7,07;74708;718824;1466432;7,97;479624;496980;1192;1800,00;1800,00;1800,00;1800,00;0,00;61,00;61,00;60,00
BrixPyxis;2019-07-31 16:14:28 UTC;0,00;0,00;0,00;100,00;87,13;11,88;0,00;0,99;0,00;0,00;0,00;100,00;1,01;0,00;0,00;98,99;0,00;11932,00;11568,00;80058,00;15143956;15757200;1153436;7,08;74708;718964;1466776;7,97;480800;497176;1508;1800,00;1800,00;1800,00;1800,00;0,00;61,00;61,00;60,00
BrixPyxis;2019-07-31 16:14:29 UTC;0,00;0,00;0,00;100,00;84,00;15,00;0,00;1,00;0,00;0,00;0,00;100,00;0,00;0,00;0,00;100,00;0,00;12548,00;11351,00;77481,00;15143956;15757396;1153436;7,08;74708;719164;1466432;7,97;480996;497372;1532;1800,00;1800,00;1800,00;1800,00;0,00;61,00;60,00;60,00
BrixPyxis;2019-07-31 16:14:30 UTC;0,00;0,00;0,00;100,00;85,00;15,00;0,00;0,00;0,00;0,00;0,00;100,00;1,01;0,00;0,00;98,99;0,00;12848,00;11561,00;80066,00;15142268;15755992;1155124;7,09;74708;719304;1466776;7,97;482188;497640;932;1800,00;1800,00;1800,00;1800,00;0,00;61,00;60,00;60,00
BrixPyxis;2019-07-31 16:14:31 UTC;0,00;1,05;0,00;98,95;86,00;13,00;0,00;1,00;0,00;0,00;0,00;100,00;0,00;0,00;0,00;100,00;0,00;12600,00;11072,00;77643,00;15144376;15758156;1153016;7,07;74716;719508;1466432;7,97;480620;497696;964;1800,00;1800,00;1800,00;1800,00;0,00;61,00;60,00;59,00
BrixPyxis;2019-07-31 16:14:32 UTC;0,00;0,00;0,00;100,00;84,00;15,00;0,00;1,00;0,00;0,00;0,00;100,00;0,00;0,00;0,00;100,00;0,00;11932,00;11576,00;80043,00;15142764;15756936;1154628;7,08;74716;719648;1466776;7,97;481796;498088;1280;1800,00;1800,00;1800,00;1800,00;0,00;61,00;60,00;60,00
BrixPyxis;2019-07-31 16:14:33 UTC;0,00;0,00;0,00;100,00;86,00;14,00;0,00;0,00;0,00;0,00;0,00;100,00;0,00;0,00;0,00;100,00;0,00;12548,00;11383,00;77497,00;15142640;15756868;1154752;7,09;74716;719848;1466432;7,97;481992;498144;1304;1800,00;1800,00;1800,00;1800,00;0,00;61,00;60,00;60,00
BrixPyxis;2019-07-31 16:14:34 UTC;0,00;0,00;0,00;100,00;83,17;15,84;0,00;0,99;0,00;0,00;0,00;100,00;0,00;1,02;0,00;98,98;0,00;11932,00;11567,00;80052,00;15141028;15755648;1156364;7,10;74716;720280;1466776;7,97;483168;498536;1620;1800,00;1800,00;1800,00;1800,00;0,00;61,00;60,00;60,00
BrixPyxis;2019-07-31 16:14:35 UTC;0,00;0,00;0,00;100,00;86,87;13,13;0,00;0,00;0,00;0,00;0,00;100,00;0,00;0,00;0,00;100,00;0,00;12548,00;11334,00;77476,00;15141152;15755776;1156240;7,09;74716;720188;1466432;7,97;483364;498536;1644;1800,00;1800,00;1800,00;1800,00;0,00;61,00;60,00;60,00
BrixPyxis;2019-07-31 16:14:36 UTC;0,00;0,00;0,00;100,00;86,00;13,00;0,00;1,00;0,00;0,00;0,00;100,00;0,00;0,00;0,00;100,00;0,00;11984,00;11556,00;80048,00;15139044;15753920;1158348;7,11;74724;720624;1466776;7,97;484540;498788;1964;1800,00;1800,00;1800,00;1800,00;0,00;61,00;60,00;60,00
BrixPyxis;2019-07-31 16:14:37 UTC;0,00;0,00;0,00;100,00;58,59;14,14;27,27;0,00;0,00;0,00;0,00;100,00;0,00;1,02;0,00;98,98;0,00;10836,00;7954,00;74837,00;15145604;15759892;1151788;7,07;74724;719852;1466052;7,97;478656;498200;212;1800,00;1800,00;1800,00;1800,00;0,00;61,00;60,00;60,00
BrixPyxis;2019-07-31 16:14:38 UTC;0,00;0,00;0,00;100,00;18,18;4,04;77,78;0,00;0,00;0,00;0,00;100,00;0,00;0,00;0,00;100,00;0,00;3064,00;2414,00;17252,00;15144624;15759892;1152768;7,07;74724;720880;1466052;7,97;478660;499180;260;1800,00;1800,00;1800,00;1800,00;0,00;61,00;60,00;59,00
BrixPyxis;2019-07-31 16:14:39 UTC;0,00;0,00;0,00;100,00;18,37;4,08;77,55;0,00;0,00;0,00;0,00;100,00;0,00;1,00;0,00;99,00;0,00;3064,00;2560,00;20743,00;15145616;15759876;1151776;7,07;74724;719856;1465400;7,97;478656;498172;260;1800,00;1800,00;1800,00;1800,00;0,00;61,00;60,00;59,00
BrixPyxis;2019-07-31 16:14:40 UTC;0,00;0,00;0,00;100,00;30,00;4,00;66,00;0,00;0,00;0,00;0,00;100,00;0,00;0,00;0,00;100,00;0,00;2760,00;4032,00;17572,00;15138796;15753896;1158596;7,11;74724;720752;1465400;7,97;485140;498996;1744;1800,00;1800,00;1800,00;1800,00;0,00;61,00;60,00;59,00
BrixPyxis;2019-07-31 16:14:41 UTC;0,00;0,00;8,08;91,92;20,41;2,04;77,55;0,00;0,00;0,00;15,15;84,85;0,00;0,00;0,00;100,00;0,00;2808,00;2228,00;14630,00;15139044;15754172;1158348;7,11;74732;720584;1466052;7,97;484552;499020;2080;1800,00;1800,00;1800,00;1800,00;0,00;61,00;60,00;59,00
BrixPyxis;2019-07-31 16:14:42 UTC;0,00;0,00;0,00;100,00;23,23;6,06;69,70;1,01;0,00;0,00;4,00;96,00;0,00;1,00;0,00;99,00;0,00;5932,00;3343,00;40130,00;15144624;15760064;1152768;7,07;74732;720980;1465400;7,97;478676;499332;356;1800,00;1800,00;1800,00;1800,00;0,00;61,00;60,00;59,00
BrixPyxis;2019-07-31 16:14:43 UTC;0,00;0,00;0,00;100,00;17,00;5,00;78,00;0,00;0,00;0,00;0,00;100,00;0,00;0,00;0,00;100,00;0,00;2756,00;2374,00;17380,00;15144500;15759964;1152892;7,07;74732;721004;1465400;7,97;478676;499356;380;1800,00;1800,00;1800,00;1800,00;0,00;61,00;60,00;59,00
BrixPyxis;2019-07-31 16:14:44 UTC;0,00;1,03;0,00;98,97;54,08;8,16;37,76;0,00;0,00;0,00;0,00;100,00;0,00;1,00;0,00;99,00;0,00;8268,00;6759,00;40590,00;15119452;15734496;1177940;7,23;74732;720468;1495540;8,13;478288;498936;404;1800,00;1800,00;1800,00;1800,00;0,00;61,00;60,00;59,00
BrixPyxis;2019-07-31 16:14:45 UTC;0,00;0,00;0,00;100,00;86,00;13,00;0,00;1,00;0,00;0,00;0,00;100,00;0,00;0,00;0,00;100,00;0,00;11944,00;11549,00;89190,00;15145988;15759520;1151404;7,06;74732;719384;1466776;7,97;478684;497420;668;1800,00;1800,00;1800,00;1800,00;0,00;61,00;61,00;60,00
BrixPyxis;2019-07-31 16:14:46 UTC;0,00;0,00;0,00;100,00;86,00;14,00;0,00;0,00;0,00;0,00;0,00;100,00;0,00;0,00;0,00;100,00;0,00;12600,00;11366,00;77533,00;15146112;15759896;1151280;7,06;74740;719292;1466432;7,97;478684;497672;732;1800,00;1800,00;1800,00;1800,00;0,00;61,00;61,00;60,00
BrixPyxis;2019-07-31 16:14:47 UTC;0,00;0,00;0,00;100,00;84,00;15,00;0,00;1,00;0,00;0,00;0,00;100,00;0,00;1,01;0,00;98,99;0,00;11932,00;11568,00;80050,00;15144376;15758356;1153016;7,07;74740;719728;1466776;7,97;479860;497868;1052;1800,00;1800,00;1800,00;1800,00;0,00;61,00;61,00;60,00
BrixPyxis;2019-07-31 16:14:48 UTC;0,00;1,04;0,00;98,96;82,18;16,83;0,00;0,99;0,00;0,00;0,00;100,00;0,00;0,00;0,00;100,00;0,00;12548,00;11301,00;77475,00;15144500;15758480;1152892;7,07;74740;719636;1466432;7,97;479860;497868;1076;1800,00;1800,00;1800,00;1800,00;0,00;61,00;61,00;60,00
BrixPyxis;2019-07-31 16:14:49 UTC;0,00;0,00;0,00;100,00;85,71;14,29;0,00;0,00;0,00;0,00;0,00;100,00;0,00;1,01;0,00;98,99;0,00;11932,00;11591,00;80039,00;15142764;15757192;1154628;7,08;74740;720068;1466776;7,97;481036;498316;1392;1800,00;1800,00;1800,00;1800,00;0,00;61,00;60,00;59,00
BrixPyxis;2019-07-31 16:14:50 UTC;0,00;1,04;0,00;98,96;86,14;12,87;0,00;0,99;0,00;0,00;0,00;100,00;0,00;0,00;0,00;100,00;0,00;12548,00;11360,00;77493,00;15142640;15757068;1154752;7,09;74740;719976;1466432;7,97;481232;498316;1708;1800,00;1800,00;1800,00;1800,00;0,00;61,00;60,00;59,00
BrixPyxis;2019-07-31 16:14:51 UTC;0,00;0,00;0,00;100,00;86,00;13,00;0,00;1,00;0,00;0,00;0,00;100,00;0,00;1,00;0,00;99,00;0,00;11984,00;11590,00;80040,00;15141028;15755848;1156364;7,10;74748;720408;1466776;7,97;482604;498708;2028;1800,00;1800,00;1800,00;1800,00;0,00;61,00;60,00;59,00
BrixPyxis;2019-07-31 16:14:52 UTC;0,00;1,04;0,00;98,96;85,86;14,14;0,00;0,00;0,00;0,00;0,00;100,00;0,00;0,00;0,00;100,00;0,00;12548,00;11340,00;77486,00;15141276;15756152;1156116;7,09;74748;720608;1466432;7,97;482604;498764;2052;1800,00;1800,00;1800,00;1800,00;0,00;61,00;60,00;59,00
BrixPyxis;2019-07-31 16:14:53 UTC;0,00;1,03;0,00;98,97;84,31;14,71;0,00;0,98;0,00;0,00;0,00;100,00;0,00;1,02;0,00;98,98;0,00;11932,00;11533,00;80039,00;15139292;15754364;1158100;7,11;74748;720752;1466776;7,97;483780;498960;2372;1800,00;1800,00;1800,00;1800,00;0,00;61,00;60,00;60,00
BrixPyxis;2019-07-31 16:14:54 UTC;0,00;0,00;0,00;100,00;87,76;12,24;0,00;0,00;0,00;0,00;0,00;100,00;0,00;0,00;0,00;100,00;0,00;12548,00;11343,00;77471,00;15139292;15754616;1158100;7,11;74748;720952;1466432;7,97;483796;499196;2396;1800,00;1800,00;1800,00;1800,00;0,00;61,00;60,00;59,00
BrixPyxis;2019-07-31 16:14:55 UTC;0,00;0,00;0,00;100,00;85,15;13,86;0,00;0,99;0,00;0,00;0,00;100,00;1,02;0,00;0,00;98,98;0,00;11932,00;11542,00;80045,00;15137680;15753256;1159712;7,12;74748;721092;1466776;7,97;484976;499444;2712;1800,00;1800,00;1800,00;1800,00;0,00;61,00;60,00;59,00
BrixPyxis;2019-07-31 16:14:56 UTC;0,00;1,05;0,00;98,95;88,89;11,11;0,00;0,00;0,00;0,00;0,00;100,00;0,00;0,00;0,00;100,00;0,00;12600,00;11362,00;77507,00;15137680;15753256;1159712;7,12;74756;721292;1466432;7,97;485172;499444;2736;1800,00;1800,00;1800,00;1800,00;0,00;61,00;60,00;60,00
BrixPyxis;2019-07-31 16:14:57 UTC;0,00;0,00;0,00;100,00;83,00;16,00;0,00;1,00;0,00;0,00;0,00;100,00;0,00;1,04;0,00;98,96;0,00;11932,00;11431,00;81867,00;15143992;15759620;1153400;7,08;74756;721432;1466776;7,97;478708;499496;2760;1800,00;1800,00;1800,00;1800,00;0,00;61,00;60,00;60,00
BrixPyxis;2019-07-31 16:14:58 UTC;0,00;0,00;0,00;100,00;85,15;13,86;0,00;0,99;0,00;0,00;0,00;100,00;0,00;0,00;0,00;100,00;0,00;14688,00;11267,00;77684,00;15144004;15759828;1153388;7,08;74756;721372;1466432;7,97;478120;499692;740;1800,00;1800,00;1800,00;1800,00;0,00;61,00;61,00;60,00
BrixPyxis;2019-07-31 16:14:59 UTC;0,00;0,00;0,00;100,00;85,86;14,14;0,00;0,00;0,00;0,00;0,00;100,00;0,00;0,00;0,00;100,00;0,00;12548,00;11433,00;80302,00;15133216;15749040;1164176;7,14;74756;721480;1475128;8,02;478316;499692;900;1800,00;1800,00;1800,00;1800,00;0,00;61,00;61,00;60,00
BrixPyxis;2019-07-31 16:15:00 UTC;0,00;0,00;0,00;100,00;84,00;15,00;0,00;1,00;0,00;0,00;0,00;100,00;0,00;0,00;0,00;100,00;0,00;11932,00;11616,00;92200,00;15145864;15759732;1151528;7,07;74756;719464;1466776;7,97;478708;497732;1012;1800,00;1800,00;1800,00;1800,00;0,00;61,00;61,00;60,00
BrixPyxis;2019-07-31 16:15:01 UTC;0,00;0,00;0,00;100,00;85,00;14,00;0,00;1,00;0,00;0,00;1,01;98,99;0,00;0,00;0,00;100,00;0,00;12608,00;11265,00;77473,00;15145740;15759688;1151652;7,07;74764;719664;1466432;7,97;478520;497788;1248;1800,00;1800,00;1800,00;1800,00;0,00;61,00;61,00;60,00
BrixPyxis;2019-07-31 16:15:02 UTC;0,00;0,00;0,00;100,00;85,00;15,00;0,00;0,00;0,00;0,00;0,00;100,00;0,00;0,00;0,00;100,00;0,00;11932,00;12310,00;80613,00;15144004;15758440;1153388;7,08;74764;719808;1466776;7,97;479508;498284;1660;1800,00;1800,00;1800,00;1800,00;0,00;61,00;60,00;60,00
BrixPyxis;2019-07-31 16:15:03 UTC;0,00;0,00;0,00;100,00;84,00;15,00;0,00;1,00;0,00;0,00;0,00;100,00;0,00;0,00;0,00;100,00;0,00;12548,00;11357,00;77489,00;15143756;15758192;1153636;7,08;74764;720008;1466432;7,97;479704;498284;1684;1800,00;1800,00;1800,00;1800,00;0,00;61,00;60,00;60,00
BrixPyxis;2019-07-31 16:15:04 UTC;0,00;0,00;0,00;100,00;88,12;10,89;0,00;0,99;0,00;0,00;0,00;100,00;0,00;0,00;0,00;100,00;0,00;11932,00;11589,00;80053,00;15142020;15756852;1155372;7,09;74764;720444;1466776;7,97;481076;498676;2012;1800,00;1800,00;1800,00;1800,00;0,00;61,00;60,00;60,00
