      timestamp ;           Chain ; ID ;   deadline ; aff. ;   duration
340367388148441 ; ImageProcessing ;  5 ; 3000000000 ;    0 ;  516749195
340367904905063 ; ImageProcessing ;  5 ; 3000000000 ;    0 ;  192557301
340368097469596 ; ImageProcessing ;  5 ; 3000000000 ;    0 ;  330255854
340368455926392 ; ImageProcessing ;  5 ; 3000000000 ;    0 ;  950746564
340369532692918 ; ImageProcessing ;  5 ; 3000000000 ;    0 ;  844442800
340370386138873 ; ImageProcessing ;  5 ; 3000000000 ;    0 ; 1015815177
340371465045972 ; ImageProcessing ;  5 ; 3000000000 ;    0 ;  893412756
340372370573871 ; ImageProcessing ;  5 ; 3000000000 ;    0 ;  996715333
340373368925252 ; ImageProcessing ;  5 ; 3000000000 ;    0 ;  992004104
340374386139160 ; ImageProcessing ;  5 ; 3000000000 ;    0 ;  966157797
340375386137570 ; ImageProcessing ;  5 ; 3000000000 ;    0 ;  977433992
340376386138970 ; ImageProcessing ;  5 ; 3000000000 ;    0 ;  953205907
340377362572654 ; ImageProcessing ;  5 ; 3000000000 ;    0 ;  990338043
340378386138509 ; ImageProcessing ;  5 ; 3000000000 ;    0 ;  839231730
340379350169465 ; ImageProcessing ;  5 ; 3000000000 ;    0 ;  859057599
340380320401427 ; ImageProcessing ;  5 ; 3000000000 ;    0 ;  873223818
340381239708201 ; ImageProcessing ;  5 ; 3000000000 ;    0 ;  937024717
340382188643030 ; ImageProcessing ;  5 ; 3000000000 ;    0 ; 1399704550
340383597842164 ; ImageProcessing ;  5 ; 3000000000 ;    0 ;  935895813
340384533750959 ; ImageProcessing ;  5 ; 3000000000 ;    0 ;  935591273
340385469356134 ; ImageProcessing ;  5 ; 3000000000 ;    0 ;  722556316
340386194573537 ; ImageProcessing ;  5 ; 3000000000 ;    0 ;  978627356
340387218047335 ; ImageProcessing ;  5 ; 3000000000 ;    0 ;  870963224
340388107924571 ; ImageProcessing ;  5 ; 3000000000 ;    0 ; 1038243059
340389263924907 ; ImageProcessing ;  5 ; 3000000000 ;    0 ;  830467491
340390130924964 ; ImageProcessing ;  5 ; 3000000000 ;    0 ;  972497675
340391136138661 ; ImageProcessing ;  5 ; 3000000000 ;    0 ;  975968441
340392136137810 ; ImageProcessing ;  5 ; 3000000000 ;    0 ;  946748191
340393092048156 ; ImageProcessing ;  5 ; 3000000000 ;    0 ;  934136707
340394066454137 ; ImageProcessing ;  5 ; 3000000000 ;    0 ;  918536683
340395026453605 ; ImageProcessing ;  5 ; 3000000000 ;    0 ;  941421354
340395986453454 ; ImageProcessing ;  5 ; 3000000000 ;    0 ;  982701249
340397066926625 ; ImageProcessing ;  5 ; 3000000000 ;    0 ;  869402093
340398098574102 ; ImageProcessing ;  5 ; 3000000000 ;    0 ;  828330582
340398966046836 ; ImageProcessing ;  5 ; 3000000000 ;    0 ;  966705515
340399956926086 ; ImageProcessing ;  5 ; 3000000000 ;    0 ;  931570671
340400895694470 ; ImageProcessing ;  5 ; 3000000000 ;    0 ; 1007976064
340401938572114 ; ImageProcessing ;  5 ; 3000000000 ;    0 ;  946792583
340402886139184 ; ImageProcessing ;  5 ; 3000000000 ;    0 ;  996039638
340403886138797 ; ImageProcessing ;  5 ; 3000000000 ;    0 ;  975898203
340404865692046 ; ImageProcessing ;  5 ; 3000000000 ;    0 ; 1003615500
340405886139760 ; ImageProcessing ;  5 ; 3000000000 ;    0 ;  954584296
340406850690023 ; ImageProcessing ;  5 ; 3000000000 ;    0 ; 1030406259
340407886138816 ; ImageProcessing ;  5 ; 3000000000 ;    0 ;  956159488
340408845045324 ; ImageProcessing ;  5 ; 3000000000 ;    0 ;  928905867
340409782926477 ; ImageProcessing ;  5 ; 3000000000 ;    0 ;  948550471
340410770574875 ; ImageProcessing ;  5 ; 3000000000 ;    0 ;  946605992
340411782046057 ; ImageProcessing ;  5 ; 3000000000 ;    0 ;  917856508
340412786454242 ; ImageProcessing ;  5 ; 3000000000 ;    0 ;  900010237
340413746454104 ; ImageProcessing ;  5 ; 3000000000 ;    0 ;  919009191
340414695926601 ; ImageProcessing ;  5 ; 3000000000 ;    0 ;  968401257
340415666453775 ; ImageProcessing ;  5 ; 3000000000 ;    0 ;  979819003
340416718927940 ; ImageProcessing ;  5 ; 3000000000 ;    0 ;  898496428
340417636149608 ; ImageProcessing ;  5 ; 3000000000 ;    0 ; 1025179208
340418724047460 ; ImageProcessing ;  5 ; 3000000000 ;    0 ;  861894103
340419602575093 ; ImageProcessing ;  5 ; 3000000000 ;    0 ; 1025549993
340420636147725 ; ImageProcessing ;  5 ; 3000000000 ;    0 ;  971901558
340421631926127 ; ImageProcessing ;  5 ; 3000000000 ;    0 ;  971954116
340422626452031 ; ImageProcessing ;  5 ; 3000000000 ;    0 ;  987004272
340423636138570 ; ImageProcessing ;  5 ; 3000000000 ;    0 ;  862621606
340424521927739 ; ImageProcessing ;  5 ; 3000000000 ;    0 ;  994931949
340425636138479 ; ImageProcessing ;  5 ; 3000000000 ;    0 ;  831649071
