   timestamp ;      Chain ; ID ;   deadline ; affinity ;             duration
260180155441627 ; ImageProcessing ;  5 ; 3000000000 ;        0 ;  515779450
260180671227909 ; ImageProcessing ;  5 ; 3000000000 ;        0 ;  192385487
260180903458704 ; ImageProcessing ;  5 ; 3000000000 ;        0 ;  284615059
260181223222330 ; ImageProcessing ;  5 ; 3000000000 ;        0 ;  949636296
260182299996431 ; ImageProcessing ;  5 ; 3000000000 ;        0 ;  844369094
260183153458346 ; ImageProcessing ;  5 ; 3000000000 ;        0 ; 1018904850
260184232344257 ; ImageProcessing ;  5 ; 3000000000 ;        0 ;  892680937
260185137883398 ; ImageProcessing ;  5 ; 3000000000 ;        0 ; 1003782375
260186153457700 ; ImageProcessing ;  5 ; 3000000000 ;        0 ;  968650913
260187153458613 ; ImageProcessing ;  5 ; 3000000000 ;        0 ;  969660417
260188153456954 ; ImageProcessing ;  5 ; 3000000000 ;        0 ;  976106632
260189153458409 ; ImageProcessing ;  5 ; 3000000000 ;        0 ;  952032964
260190106338075 ; ImageProcessing ;  5 ; 3000000000 ;        0 ; 1013033967
260191153458072 ; ImageProcessing ;  5 ; 3000000000 ;        0 ;  857613504
260192049896589 ; ImageProcessing ;  5 ; 3000000000 ;        0 ;  937824914
260193018997534 ; ImageProcessing ;  5 ; 3000000000 ;        0 ;  971218992
260194111337586 ; ImageProcessing ;  5 ; 3000000000 ;        0 ;  853316476
260195003997665 ; ImageProcessing ;  5 ; 3000000000 ;        0 ;  954183408
260195962223160 ; ImageProcessing ;  5 ; 3000000000 ;        0 ;  961763899
260196988998086 ; ImageProcessing ;  5 ; 3000000000 ;        0 ;  954326157
260197953770573 ; ImageProcessing ;  5 ; 3000000000 ;        0 ;  930877052
260198903457365 ; ImageProcessing ;  5 ; 3000000000 ;        0 ; 1035888310
260199985338831 ; ImageProcessing ;  5 ; 3000000000 ;        0 ;  870434384
260200875220659 ; ImageProcessing ;  5 ; 3000000000 ;        0 ; 1041225238
260202031221029 ; ImageProcessing ;  5 ; 3000000000 ;        0 ;  828885444
260202898226903 ; ImageProcessing ;  5 ; 3000000000 ;        0 ;  971647899
260203903458081 ; ImageProcessing ;  5 ; 3000000000 ;        0 ;  977706473
260204903457215 ; ImageProcessing ;  5 ; 3000000000 ;        0 ;  942815138
260205859338817 ; ImageProcessing ;  5 ; 3000000000 ;        0 ;  934451033
260206833770428 ; ImageProcessing ;  5 ; 3000000000 ;        0 ;  917711426
260207793770262 ; ImageProcessing ;  5 ; 3000000000 ;        0 ;  940314455
260208753770550 ; ImageProcessing ;  5 ; 3000000000 ;        0 ;  981500927
260209834223171 ; ImageProcessing ;  5 ; 3000000000 ;        0 ;  876143664
260210865882442 ; ImageProcessing ;  5 ; 3000000000 ;        0 ;  827797116
260211733339259 ; ImageProcessing ;  5 ; 3000000000 ;        0 ;  964482681
260212724222774 ; ImageProcessing ;  5 ; 3000000000 ;        0 ;  931421346
260213662999588 ; ImageProcessing ;  5 ; 3000000000 ;        0 ; 1004737011
260214670338264 ; ImageProcessing ;  5 ; 3000000000 ;        0 ;  984487044
260215713770033 ; ImageProcessing ;  5 ; 3000000000 ;        0 ;  929467555
260216653458087 ; ImageProcessing ;  5 ; 3000000000 ;        0 ;  970707275
260217632997904 ; ImageProcessing ;  5 ; 3000000000 ;        0 ; 1002571161
260218653458100 ; ImageProcessing ;  5 ; 3000000000 ;        0 ;  953394368
260219617995393 ; ImageProcessing ;  5 ; 3000000000 ;        0 ; 1028958963
260220653458026 ; ImageProcessing ;  5 ; 3000000000 ;        0 ;  948880272
260221602997434 ; ImageProcessing ;  5 ; 3000000000 ;        0 ;  937068575
260222550222266 ; ImageProcessing ;  5 ; 3000000000 ;        0 ;  947753737
260223537884209 ; ImageProcessing ;  5 ; 3000000000 ;        0 ;  948537760
260224549338627 ; ImageProcessing ;  5 ; 3000000000 ;        0 ;  916970405
260225553770719 ; ImageProcessing ;  5 ; 3000000000 ;        0 ;  900748423
260226513770796 ; ImageProcessing ;  5 ; 3000000000 ;        0 ;  913657813
260227463223151 ; ImageProcessing ;  5 ; 3000000000 ;        0 ;  963808938
260228433769986 ; ImageProcessing ;  5 ; 3000000000 ;        0 ;  969459162
260229403458278 ; ImageProcessing ;  5 ; 3000000000 ;        0 ;  976223391
260230403459101 ; ImageProcessing ;  5 ; 3000000000 ;        0 ; 1023445376
260231491338660 ; ImageProcessing ;  5 ; 3000000000 ;        0 ;  859000142
260232369884063 ; ImageProcessing ;  5 ; 3000000000 ;        0 ; 1028345691
260233403458205 ; ImageProcessing ;  5 ; 3000000000 ;        0 ;  965775162
260234399223078 ; ImageProcessing ;  5 ; 3000000000 ;        0 ;  970952565
260235393769056 ; ImageProcessing ;  5 ; 3000000000 ;        0 ;  978477754
260236403459539 ; ImageProcessing ;  5 ; 3000000000 ;        0 ;  864228051
260237289222448 ; ImageProcessing ;  5 ; 3000000000 ;        0 ;  994596083
260238403457978 ; ImageProcessing ;  5 ; 3000000000 ;        0 ;  832361633
260239281884493 ; ImageProcessing ;  5 ; 3000000000 ;        0 ;  941519667
260240261997695 ; ImageProcessing ;  5 ; 3000000000 ;        0 ;  962041669
260241335221689 ; ImageProcessing ;  5 ; 3000000000 ;        0 ;  859250991
260242202222575 ; ImageProcessing ;  5 ; 3000000000 ;        0 ;  998673162
260243239338697 ; ImageProcessing ;  5 ; 3000000000 ;        0 ;  936848809
260244225222059 ; ImageProcessing ;  5 ; 3000000000 ;        0 ;  918256748
260245153458382 ; ImageProcessing ;  5 ; 3000000000 ;        0 ;  977524244
260246153456959 ; ImageProcessing ;  5 ; 3000000000 ;        0 ; 1002408475
260247244339722 ; ImageProcessing ;  5 ; 3000000000 ;        0 ;  866502078
260248113770194 ; ImageProcessing ;  5 ; 3000000000 ;        0 ;  996544258
260249113338858 ; ImageProcessing ;  5 ; 3000000000 ;        0 ; 1000862113
260250153458554 ; ImageProcessing ;  5 ; 3000000000 ;        0 ;  957542941
260251153457075 ; ImageProcessing ;  5 ; 3000000000 ;        0 ;  862730564
260252096990585 ; ImageProcessing ;  5 ; 3000000000 ;        0 ;  918413485
260253015599571 ; ImageProcessing ;  5 ; 3000000000 ;        0 ; 1065256479
260254080876372 ; ImageProcessing ;  5 ; 3000000000 ;        0 ; 1005043073
260255085940171 ; ImageProcessing ;  5 ; 3000000000 ;        0 ; 1151997655
260256329312878 ; ImageProcessing ;  5 ; 3000000000 ;        0 ;  698509305
260257027835739 ; ImageProcessing ;  5 ; 3000000000 ;        0 ;  905108413
260257932956602 ; ImageProcessing ;  5 ; 3000000000 ;        0 ;  982716903
260258920997930 ; ImageProcessing ;  5 ; 3000000000 ;        0 ;  984956834
260260017882694 ; ImageProcessing ;  5 ; 3000000000 ;        0 ;  865649834
260260903459035 ; ImageProcessing ;  5 ; 3000000000 ;        0 ;  987291700
260261903458780 ; ImageProcessing ;  5 ; 3000000000 ;        0 ;  999512364
260262903458214 ; ImageProcessing ;  5 ; 3000000000 ;        0 ;  971787218
260263877222185 ; ImageProcessing ;  5 ; 3000000000 ;        0 ;  979346850
260264866339227 ; ImageProcessing ;  5 ; 3000000000 ;        0 ; 1014132562
260265900223535 ; ImageProcessing ;  5 ; 3000000000 ;        0 ;  949838519
260266860997480 ; ImageProcessing ;  5 ; 3000000000 ;        0 ;  990427768
260267903458990 ; ImageProcessing ;  5 ; 3000000000 ;        0 ;  852165554
260268790222768 ; ImageProcessing ;  5 ; 3000000000 ;        0 ;  985974471
260269903458590 ; ImageProcessing ;  5 ; 3000000000 ;        0 ;  820374458
260270740338265 ; ImageProcessing ;  5 ; 3000000000 ;        0 ;  975148363
260271808338857 ; ImageProcessing ;  5 ; 3000000000 ;        0 ;  889477823
260272815996080 ; ImageProcessing ;  5 ; 3000000000 ;        0 ;  870927396
260273703222388 ; ImageProcessing ;  5 ; 3000000000 ;        0 ;  962328930
260274745338642 ; ImageProcessing ;  5 ; 3000000000 ;        0 ;  894547912
260275653458727 ; ImageProcessing ;  5 ; 3000000000 ;        0 ;  976534795
260276653458182 ; ImageProcessing ;  5 ; 3000000000 ;        0 ;  975524151
260277633769813 ; ImageProcessing ;  5 ; 3000000000 ;        0 ; 1002929070
260278653458492 ; ImageProcessing ;  5 ; 3000000000 ;        0 ;  950595231
260279653459329 ; ImageProcessing ;  5 ; 3000000000 ;        0 ;  996738948
260280653458068 ; ImageProcessing ;  5 ; 3000000000 ;        0 ;  969912139
260281653458497 ; ImageProcessing ;  5 ; 3000000000 ;        0 ;  948169076
260282653457002 ; ImageProcessing ;  5 ; 3000000000 ;        0 ;  871008070
260283529223412 ; ImageProcessing ;  5 ; 3000000000 ;        0 ;  979569644
260284593768464 ; ImageProcessing ;  5 ; 3000000000 ;        0 ;  915404352
260285519997042 ; ImageProcessing ;  5 ; 3000000000 ;        0 ;  947959875
260286493345821 ; ImageProcessing ;  5 ; 3000000000 ;        0 ;  969732842
260287473770023 ; ImageProcessing ;  5 ; 3000000000 ;        0 ;  987298201
260288629337290 ; ImageProcessing ;  5 ; 3000000000 ;        0 ;  797031304
260289430339065 ; ImageProcessing ;  5 ; 3000000000 ;        0 ;  989957766
260290465223892 ; ImageProcessing ;  5 ; 3000000000 ;        0 ;  922228555
260291403459360 ; ImageProcessing ;  5 ; 3000000000 ;        0 ;  971031517
260292403459512 ; ImageProcessing ;  5 ; 3000000000 ;        0 ;  966380052
260293403457731 ; ImageProcessing ;  5 ; 3000000000 ;        0 ; 1005900848
260294433769798 ; ImageProcessing ;  5 ; 3000000000 ;        0 ;  924163762
260295378222419 ; ImageProcessing ;  5 ; 3000000000 ;        0 ;  974457587
260296353770379 ; ImageProcessing ;  5 ; 3000000000 ;        0 ; 1010407169
260297401221971 ; ImageProcessing ;  5 ; 3000000000 ;        0 ;  952423261
260298403459021 ; ImageProcessing ;  5 ; 3000000000 ;        0 ;  942644575
260299403457677 ; ImageProcessing ;  5 ; 3000000000 ;        0 ;  847380846
260300291222381 ; ImageProcessing ;  5 ; 3000000000 ;        0 ;  969237474
260301393768414 ; ImageProcessing ;  5 ; 3000000000 ;        0 ;  821551902
260302246338879 ; ImageProcessing ;  5 ; 3000000000 ;        0 ;  962504727
260303313768866 ; ImageProcessing ;  5 ; 3000000000 ;        0 ;  879637284
260304273770812 ; ImageProcessing ;  5 ; 3000000000 ;        0 ;  937292457
260305233769998 ; ImageProcessing ;  5 ; 3000000000 ;        0 ;  910356475
260306153458837 ; ImageProcessing ;  5 ; 3000000000 ;        0 ;  998022628
260307153457633 ; ImageProcessing ;  5 ; 3000000000 ;        0 ;  958482852
260308113769767 ; ImageProcessing ;  5 ; 3000000000 ;        0 ; 1032119946
260309153457816 ; ImageProcessing ;  5 ; 3000000000 ;        0 ;  971982250
260310133997105 ; ImageProcessing ;  5 ; 3000000000 ;        0 ; 1006220519
260311153459049 ; ImageProcessing ;  5 ; 3000000000 ;        0 ;  960995240
260312118996002 ; ImageProcessing ;  5 ; 3000000000 ;        0 ; 1021979731
260313153458796 ; ImageProcessing ;  5 ; 3000000000 ;        0 ;  935971974
260314103996210 ; ImageProcessing ;  5 ; 3000000000 ;        0 ;  903060869
260315030222605 ; ImageProcessing ;  5 ; 3000000000 ;        0 ;  970275644
260316033769764 ; ImageProcessing ;  5 ; 3000000000 ;        0 ;  969854001
260317053223031 ; ImageProcessing ;  5 ; 3000000000 ;        0 ;  907458110
260317999338224 ; ImageProcessing ;  5 ; 3000000000 ;        0 ;  963012285
260319067337681 ; ImageProcessing ;  5 ; 3000000000 ;        0 ;  862596958
260319943222322 ; ImageProcessing ;  5 ; 3000000000 ;        0 ;  969848527
260320936339476 ; ImageProcessing ;  5 ; 3000000000 ;        0 ;  977021942
260321966223238 ; ImageProcessing ;  5 ; 3000000000 ;        0 ;  918030565
260322903458583 ; ImageProcessing ;  5 ; 3000000000 ;        0 ;  984099871
260323903458779 ; ImageProcessing ;  5 ; 3000000000 ;        0 ;  966135814
260324903458426 ; ImageProcessing ;  5 ; 3000000000 ;        0 ;  988543686
260325903458013 ; ImageProcessing ;  5 ; 3000000000 ;        0 ;  950050633
260326879223060 ; ImageProcessing ;  5 ; 3000000000 ;        0 ;  996978085
260327878338332 ; ImageProcessing ;  5 ; 3000000000 ;        0 ;  985721447
260328902223063 ; ImageProcessing ;  5 ; 3000000000 ;        0 ;  865349385
260329769222749 ; ImageProcessing ;  5 ; 3000000000 ;        0 ;  985722368
260330777997689 ; ImageProcessing ;  5 ; 3000000000 ;        0 ;  961905678
260331792222711 ; ImageProcessing ;  5 ; 3000000000 ;        0 ;  960940939
260332762997421 ; ImageProcessing ;  5 ; 3000000000 ;        0 ;  952555679
260333745883713 ; ImageProcessing ;  5 ; 3000000000 ;        0 ;  943381829
260334747996916 ; ImageProcessing ;  5 ; 3000000000 ;        0 ;  968165212
260335838221236 ; ImageProcessing ;  5 ; 3000000000 ;        0 ;  837482763
260336689339015 ; ImageProcessing ;  5 ; 3000000000 ;        0 ;  946475454
260337653459156 ; ImageProcessing ;  5 ; 3000000000 ;        0 ;  967264881
260338653457090 ; ImageProcessing ;  5 ; 3000000000 ;        0 ;  953039218
260339626339071 ; ImageProcessing ;  5 ; 3000000000 ;        0 ; 1000691517
260340653456889 ; ImageProcessing ;  5 ; 3000000000 ;        0 ;  980156969
260341653458262 ; ImageProcessing ;  5 ; 3000000000 ;        0 ;  971745829
260342653458386 ; ImageProcessing ;  5 ; 3000000000 ;        0 ;  959722315
260343631338826 ; ImageProcessing ;  5 ; 3000000000 ;        0 ;  969776170
260344653458583 ; ImageProcessing ;  5 ; 3000000000 ;        0 ;  865027974
260345553770519 ; ImageProcessing ;  5 ; 3000000000 ;        0 ;  939699020
260346513770424 ; ImageProcessing ;  5 ; 3000000000 ;        0 ;  971992071
260347569884383 ; ImageProcessing ;  5 ; 3000000000 ;        0 ;  920286272
260348554228762 ; ImageProcessing ;  5 ; 3000000000 ;        0 ;  896136963
260349489884484 ; ImageProcessing ;  5 ; 3000000000 ;        0 ;  963288987
260350573338023 ; ImageProcessing ;  5 ; 3000000000 ;        0 ;  840110243
260351421999848 ; ImageProcessing ;  5 ; 3000000000 ;        0 ; 1015141115
260352442338227 ; ImageProcessing ;  5 ; 3000000000 ;        0 ;  942630903
260353403458919 ; ImageProcessing ;  5 ; 3000000000 ;        0 ;  989205389
260354403458981 ; ImageProcessing ;  5 ; 3000000000 ;        0 ;  966008183
260355379338730 ; ImageProcessing ;  5 ; 3000000000 ;        0 ; 1007265358
260356401885305 ; ImageProcessing ;  5 ; 3000000000 ;        0 ;  991218805
260357403459261 ; ImageProcessing ;  5 ; 3000000000 ;        0 ;  967525583
260358380224032 ; ImageProcessing ;  5 ; 3000000000 ;        0 ;  974710590
260359361997445 ; ImageProcessing ;  5 ; 3000000000 ;        0 ;  916399058
260360403223035 ; ImageProcessing ;  5 ; 3000000000 ;        0 ;  848227706
260361253338502 ; ImageProcessing ;  5 ; 3000000000 ;        0 ;  998125503
260362321338911 ; ImageProcessing ;  5 ; 3000000000 ;        0 ;  901619025
260363293222903 ; ImageProcessing ;  5 ; 3000000000 ;        0 ;  943097470
260364273770661 ; ImageProcessing ;  5 ; 3000000000 ;        0 ;  910009359
260365233769845 ; ImageProcessing ;  5 ; 3000000000 ;        0 ;  941302758
260366183223034 ; ImageProcessing ;  5 ; 3000000000 ;        0 ;  968867553
260367153457924 ; ImageProcessing ;  5 ; 3000000000 ;        0 ; 1019053628
260368195340010 ; ImageProcessing ;  5 ; 3000000000 ;        0 ;  937066699
260369153459311 ; ImageProcessing ;  5 ; 3000000000 ;        0 ;  969167317
260370153458678 ; ImageProcessing ;  5 ; 3000000000 ;        0 ;  952196084
260371132339218 ; ImageProcessing ;  5 ; 3000000000 ;        0 ; 1001461431
260372145883466 ; ImageProcessing ;  5 ; 3000000000 ;        0 ;  989969627
260373153458718 ; ImageProcessing ;  5 ; 3000000000 ;        0 ;  950141364
260374113769498 ; ImageProcessing ;  5 ; 3000000000 ;        0 ; 1018090358
260375137337677 ; ImageProcessing ;  5 ; 3000000000 ;        0 ;  880541271
260376033770497 ; ImageProcessing ;  5 ; 3000000000 ;        0 ;  981869074
260377137882787 ; ImageProcessing ;  5 ; 3000000000 ;        0 ;  845689426
260378020997242 ; ImageProcessing ;  5 ; 3000000000 ;        0 ;  953435453
260379057884716 ; ImageProcessing ;  5 ; 3000000000 ;        0 ;  918606980
260380006008801 ; ImageProcessing ;  5 ; 3000000000 ;        0 ;  949572226
260380977884265 ; ImageProcessing ;  5 ; 3000000000 ;        0 ;  972108890
260381990997313 ; ImageProcessing ;  5 ; 3000000000 ;        0 ;  904890332
260382897884511 ; ImageProcessing ;  5 ; 3000000000 ;        0 ; 1516690617
260384417332890 ; ImageProcessing ;  5 ; 3000000000 ;        0 ;  678352886
260385095703387 ; ImageProcessing ;  5 ; 3000000000 ;        0 ;  950747057
260386046475754 ; ImageProcessing ;  5 ; 3000000000 ;        0 ;  988589998
260387035093730 ; ImageProcessing ;  5 ; 3000000000 ;        0 ;  868631382
260387903755309 ; ImageProcessing ;  5 ; 3000000000 ;        0 ; 1718181101
260389622214164 ; ImageProcessing ;  5 ; 3000000000 ;        0 ;  276219759
260389902577743 ; ImageProcessing ;  5 ; 3000000000 ;        0 ;  994169876
260390913768850 ; ImageProcessing ;  5 ; 3000000000 ;        0 ;  853759590
260391873768236 ; ImageProcessing ;  5 ; 3000000000 ;        0 ;  865677401
260392759339011 ; ImageProcessing ;  5 ; 3000000000 ;        0 ;  971077212
260393793769706 ; ImageProcessing ;  5 ; 3000000000 ;        0 ;  917463646
260394753770186 ; ImageProcessing ;  5 ; 3000000000 ;        0 ;  966082509
260395885995672 ; ImageProcessing ;  5 ; 3000000000 ;        0 ;  785700108
260396673770066 ; ImageProcessing ;  5 ; 3000000000 ;        0 ; 1008860414
260397684222003 ; ImageProcessing ;  5 ; 3000000000 ;        0 ;  958320815
260398653457311 ; ImageProcessing ;  5 ; 3000000000 ;        0 ; 1045786358
260399701338827 ; ImageProcessing ;  5 ; 3000000000 ;        0 ;  913894631
260400649998516 ; ImageProcessing ;  5 ; 3000000000 ;        0 ;  994347623
260401653458836 ; ImageProcessing ;  5 ; 3000000000 ;        0 ;  973807115
260402634997183 ; ImageProcessing ;  5 ; 3000000000 ;        0 ; 1011746355
260403653458360 ; ImageProcessing ;  5 ; 3000000000 ;        0 ;  983833450
260404653458412 ; ImageProcessing ;  5 ; 3000000000 ;        0 ;  970900650
260405653459091 ; ImageProcessing ;  5 ; 3000000000 ;        0 ;  858374945
260406513770664 ; ImageProcessing ;  5 ; 3000000000 ;        0 ;  996792917
260407653458424 ; ImageProcessing ;  5 ; 3000000000 ;        0 ;  837201615
260408512338505 ; ImageProcessing ;  5 ; 3000000000 ;        0 ;  962359301
260409533223116 ; ImageProcessing ;  5 ; 3000000000 ;        0 ;  925899496
260410545884878 ; ImageProcessing ;  5 ; 3000000000 ;        0 ;  926448572
260411553770569 ; ImageProcessing ;  5 ; 3000000000 ;        0 ;  865425247
260412423223024 ; ImageProcessing ;  5 ; 3000000000 ;        0 ;  980738910
260413473770293 ; ImageProcessing ;  5 ; 3000000000 ;        0 ;  924524304
260414403458495 ; ImageProcessing ;  5 ; 3000000000 ;        0 ;  999791496
260415403458504 ; ImageProcessing ;  5 ; 3000000000 ;        0 ;  979100069
260416403458596 ; ImageProcessing ;  5 ; 3000000000 ;        0 ;  950540581
260417403457953 ; ImageProcessing ;  5 ; 3000000000 ;        0 ;  991880274
260418403459111 ; ImageProcessing ;  5 ; 3000000000 ;        0 ;  962115604
260419377883338 ; ImageProcessing ;  5 ; 3000000000 ;        0 ;  995884257
260420403458260 ; ImageProcessing ;  5 ; 3000000000 ;        0 ;  954936542
260421382222699 ; ImageProcessing ;  5 ; 3000000000 ;        0 ;  895726768
260422353769670 ; ImageProcessing ;  5 ; 3000000000 ;        0 ;  905590015
260423278996890 ; ImageProcessing ;  5 ; 3000000000 ;        0 ;  949118831
260424265338594 ; ImageProcessing ;  5 ; 3000000000 ;        0 ;  949875900
260425233770092 ; ImageProcessing ;  5 ; 3000000000 ;        0 ;  979598107
260426289884260 ; ImageProcessing ;  5 ; 3000000000 ;        0 ;  923255845
260427248997437 ; ImageProcessing ;  5 ; 3000000000 ;        0 ;  940758623
260428209884472 ; ImageProcessing ;  5 ; 3000000000 ;        0 ;  934126844
260429153459156 ; ImageProcessing ;  5 ; 3000000000 ;        0 ;  977930680
260430139339238 ; ImageProcessing ;  5 ; 3000000000 ;        0 ; 1029639902
260431207338896 ; ImageProcessing ;  5 ; 3000000000 ;        0 ;  905014508
260432153458395 ; ImageProcessing ;  5 ; 3000000000 ;        0 ;  970614680
260433153456750 ; ImageProcessing ;  5 ; 3000000000 ;        0 ;  964739857
260434144339684 ; ImageProcessing ;  5 ; 3000000000 ;        0 ;  982828928
260435153458652 ; ImageProcessing ;  5 ; 3000000000 ;        0 ;  964396433
260436121222767 ; ImageProcessing ;  5 ; 3000000000 ;        0 ;  902476391
260437041883693 ; ImageProcessing ;  5 ; 3000000000 ;        0 ;  979391244
260438144221890 ; ImageProcessing ;  5 ; 3000000000 ;        0 ;  850572467
260439011223189 ; ImageProcessing ;  5 ; 3000000000 ;        0 ;  967886688
260440018338954 ; ImageProcessing ;  5 ; 3000000000 ;        0 ;  945954686
260441034223541 ; ImageProcessing ;  5 ; 3000000000 ;        0 ;  911727580
260442033770868 ; ImageProcessing ;  5 ; 3000000000 ;        0 ;  916573897
260442955339369 ; ImageProcessing ;  5 ; 3000000000 ;        0 ;  940659471
260443903457468 ; ImageProcessing ;  5 ; 3000000000 ;        0 ; 1037537325
260445080221432 ; ImageProcessing ;  5 ; 3000000000 ;        0 ;  784338659
260445873768609 ; ImageProcessing ;  5 ; 3000000000 ;        0 ; 1032632934
260446960339876 ; ImageProcessing ;  5 ; 3000000000 ;        0 ;  907894272
260447892997934 ; ImageProcessing ;  5 ; 3000000000 ;        0 ;  978247050
260448903459109 ; ImageProcessing ;  5 ; 3000000000 ;        0 ;  987611168
260449897339722 ; ImageProcessing ;  5 ; 3000000000 ;        0 ;  994884783
260450903458303 ; ImageProcessing ;  5 ; 3000000000 ;        0 ;  965907284
260451873769928 ; ImageProcessing ;  5 ; 3000000000 ;        0 ;  889774993
260452785884328 ; ImageProcessing ;  5 ; 3000000000 ;        0 ;  963390838
260453750223394 ; ImageProcessing ;  5 ; 3000000000 ;        0 ;  992371627
260454753770079 ; ImageProcessing ;  5 ; 3000000000 ;        0 ;  965094389
260455771338431 ; ImageProcessing ;  5 ; 3000000000 ;        0 ;  947711798
260456839339706 ; ImageProcessing ;  5 ; 3000000000 ;        0 ;  849496535
260457777881991 ; ImageProcessing ;  5 ; 3000000000 ;        0 ;  922269465
260458708339447 ; ImageProcessing ;  5 ; 3000000000 ;        0 ;  959150908
260459697883813 ; ImageProcessing ;  5 ; 3000000000 ;        0 ;  950566396
260460653458222 ; ImageProcessing ;  5 ; 3000000000 ;        0 ;  972488510
260461645338570 ; ImageProcessing ;  5 ; 3000000000 ;        0 ; 1005836780
260462653458642 ; ImageProcessing ;  5 ; 3000000000 ;        0 ;  958540822
260463633770598 ; ImageProcessing ;  5 ; 3000000000 ;        0 ;  987003519
260464653459638 ; ImageProcessing ;  5 ; 3000000000 ;        0 ;  967284337
260465650337154 ; ImageProcessing ;  5 ; 3000000000 ;        0 ;  980799313
260466653458477 ; ImageProcessing ;  5 ; 3000000000 ;        0 ;  957339283
260467622222880 ; ImageProcessing ;  5 ; 3000000000 ;        0 ;  889310183
260468529884350 ; ImageProcessing ;  5 ; 3000000000 ;        0 ;  979748234
260469633768332 ; ImageProcessing ;  5 ; 3000000000 ;        0 ;  854129271
260470512222546 ; ImageProcessing ;  5 ; 3000000000 ;        0 ;  962684500
260471524338624 ; ImageProcessing ;  5 ; 3000000000 ;        0 ;  933486679
260472506997233 ; ImageProcessing ;  5 ; 3000000000 ;        0 ;  949804645
260473473770371 ; ImageProcessing ;  5 ; 3000000000 ;        0 ;  961886945
260474461350960 ; ImageProcessing ;  5 ; 3000000000 ;        0 ;  929736289
260475393770064 ; ImageProcessing ;  5 ; 3000000000 ;        0 ;  992321500
260476403458360 ; ImageProcessing ;  5 ; 3000000000 ;        0 ;  960564269
260477398338735 ; ImageProcessing ;  5 ; 3000000000 ;        0 ;  973644462
260478403456949 ; ImageProcessing ;  5 ; 3000000000 ;        0 ;  973641024
260479403458918 ; ImageProcessing ;  5 ; 3000000000 ;        0 ;  956821630
260480403457410 ; ImageProcessing ;  5 ; 3000000000 ;        0 ;  991947505
260481403337170 ; ImageProcessing ;  5 ; 3000000000 ;        0 ;  949852111
260482353768351 ; ImageProcessing ;  5 ; 3000000000 ;        0 ;  927502733
260483313770728 ; ImageProcessing ;  5 ; 3000000000 ;        0 ;  937565875
260484273770189 ; ImageProcessing ;  5 ; 3000000000 ;        0 ;  968206815
260485251223934 ; ImageProcessing ;  5 ; 3000000000 ;        0 ;  981471671
260486401996140 ; ImageProcessing ;  5 ; 3000000000 ;        0 ;  804779930
260487274222543 ; ImageProcessing ;  5 ; 3000000000 ;        0 ;  926347683
260488345336997 ; ImageProcessing ;  5 ; 3000000000 ;        0 ;  830428304
260489180997405 ; ImageProcessing ;  5 ; 3000000000 ;        0 ; 1009594309
260490214338789 ; ImageProcessing ;  5 ; 3000000000 ;        0 ;  943868261
260491165998675 ; ImageProcessing ;  5 ; 3000000000 ;        0 ; 1020779593
260492187223240 ; ImageProcessing ;  5 ; 3000000000 ;        0 ;  915591192
260493105883342 ; ImageProcessing ;  5 ; 3000000000 ;        0 ; 1056640874
260494210222983 ; ImageProcessing ;  5 ; 3000000000 ;        0 ;  893379037
260495135998556 ; ImageProcessing ;  5 ; 3000000000 ;        0 ;  999050238
260496153459528 ; ImageProcessing ;  5 ; 3000000000 ;        0 ;  972101032
260497153459415 ; ImageProcessing ;  5 ; 3000000000 ;        0 ;  953323081
260498153458989 ; ImageProcessing ;  5 ; 3000000000 ;        0 ;  865576091
260499025339071 ; ImageProcessing ;  5 ; 3000000000 ;        0 ;  982470743
260500017883483 ; ImageProcessing ;  5 ; 3000000000 ;        0 ;  982547924
260501073770445 ; ImageProcessing ;  5 ; 3000000000 ;        0 ;  896128594
260502013222680 ; ImageProcessing ;  5 ; 3000000000 ;        0 ;  934630575
260502993769997 ; ImageProcessing ;  5 ; 3000000000 ;        0 ;  945192901
260503953777010 ; ImageProcessing ;  5 ; 3000000000 ;        0 ;  970029336
260505009884374 ; ImageProcessing ;  5 ; 3000000000 ;        0 ;  927504665
260505967339153 ; ImageProcessing ;  5 ; 3000000000 ;        0 ;  913502902
260506903456885 ; ImageProcessing ;  5 ; 3000000000 ;        0 ;  981830648
260507903459890 ; ImageProcessing ;  5 ; 3000000000 ;        0 ;  997681530
260508903458878 ; ImageProcessing ;  5 ; 3000000000 ;        0 ;  967224318
260509903458931 ; ImageProcessing ;  5 ; 3000000000 ;        0 ;  971813738
260510903459311 ; ImageProcessing ;  5 ; 3000000000 ;        0 ;  944524199
260511873770196 ; ImageProcessing ;  5 ; 3000000000 ;        0 ; 1020982361
260512903460714 ; ImageProcessing ;  5 ; 3000000000 ;        0 ;  934987167
260513841886107 ; ImageProcessing ;  5 ; 3000000000 ;        0 ;  936298330
260514778338378 ; ImageProcessing ;  5 ; 3000000000 ;        0 ;  962892995
260515761884143 ; ImageProcessing ;  5 ; 3000000000 ;        0 ;  950533336
260516731215909 ; ImageProcessing ;  5 ; 3000000000 ;        0 ; 1204941116
260517952672231 ; ImageProcessing ;  5 ; 3000000000 ;        0 ;  742163150
260518694841123 ; ImageProcessing ;  5 ; 3000000000 ;        0 ;  984071601
260519678919827 ; ImageProcessing ;  5 ; 3000000000 ;        0 ;  985907933
260521017537430 ; ImageProcessing ;  5 ; 3000000000 ;        0 ;  631594420
260521923797089 ; ImageProcessing ;  5 ; 3000000000 ;        0 ;  807754860
260522788339142 ; ImageProcessing ;  5 ; 3000000000 ;        0 ;  851000812
260523653458952 ; ImageProcessing ;  5 ; 3000000000 ;        0 ;  949600236
260524653459640 ; ImageProcessing ;  5 ; 3000000000 ;        0 ;  976224172
260525653456817 ; ImageProcessing ;  5 ; 3000000000 ;        0 ;  953866312
260526653458959 ; ImageProcessing ;  5 ; 3000000000 ;        0 ;  966157156
260527653456853 ; ImageProcessing ;  5 ; 3000000000 ;        0 ;  955792657
260528653459507 ; ImageProcessing ;  5 ; 3000000000 ;        0 ;  875676453
260529585883583 ; ImageProcessing ;  5 ; 3000000000 ;        0 ;  934245063
260530531339338 ; ImageProcessing ;  5 ; 3000000000 ;        0 ;  949369702
260531491222506 ; ImageProcessing ;  5 ; 3000000000 ;        0 ;  984015537
260532513769804 ; ImageProcessing ;  5 ; 3000000000 ;        0 ;  939791790
260533468339035 ; ImageProcessing ;  5 ; 3000000000 ;        0 ;  967432482
260534438996124 ; ImageProcessing ;  5 ; 3000000000 ;        0 ;  992659022
260535537222192 ; ImageProcessing ;  5 ; 3000000000 ;        0 ;  859239538
260536403456686 ; ImageProcessing ;  5 ; 3000000000 ;        0 ; 1046428651
260537473338677 ; ImageProcessing ;  5 ; 3000000000 ;        0 ;  894463412
260538403457095 ; ImageProcessing ;  5 ; 3000000000 ;        0 ; 1023508083
260539473771356 ; ImageProcessing ;  5 ; 3000000000 ;        0 ;  900334654
260540394002550 ; ImageProcessing ;  5 ; 3000000000 ;        0 ;  997367095
260541393769920 ; ImageProcessing ;  5 ; 3000000000 ;        0 ;  974402812
260542378997979 ; ImageProcessing ;  5 ; 3000000000 ;        0 ;  993167828
260543403458640 ; ImageProcessing ;  5 ; 3000000000 ;        0 ;  956071033
260544363997398 ; ImageProcessing ;  5 ; 3000000000 ;        0 ;  902912563
260545329889335 ; ImageProcessing ;  5 ; 3000000000 ;        0 ;  926120341
260546284338816 ; ImageProcessing ;  5 ; 3000000000 ;        0 ;  958647664
260547249883950 ; ImageProcessing ;  5 ; 3000000000 ;        0 ;  969109925
260548253222753 ; ImageProcessing ;  5 ; 3000000000 ;        0 ;  958324293
260549221338996 ; ImageProcessing ;  5 ; 3000000000 ;        0 ;  980097538
260550273768145 ; ImageProcessing ;  5 ; 3000000000 ;        0 ;  899225921
260551233771023 ; ImageProcessing ;  5 ; 3000000000 ;        0 ;  917138347
260552153457048 ; ImageProcessing ;  5 ; 3000000000 ;        0 ;  996253923
260553153458491 ; ImageProcessing ;  5 ; 3000000000 ;        0 ;  970188041
260554153459041 ; ImageProcessing ;  5 ; 3000000000 ;        0 ;  987328807
260555153458658 ; ImageProcessing ;  5 ; 3000000000 ;        0 ;  970651009
260556153458720 ; ImageProcessing ;  5 ; 3000000000 ;        0 ;  975778595
260557153458272 ; ImageProcessing ;  5 ; 3000000000 ;        0 ;  957263319
260558153459194 ; ImageProcessing ;  5 ; 3000000000 ;        0 ;  974136810
260559153458471 ; ImageProcessing ;  5 ; 3000000000 ;        0 ;  881347934
260560102222489 ; ImageProcessing ;  5 ; 3000000000 ;        0 ;  905408852
260561037996703 ; ImageProcessing ;  5 ; 3000000000 ;        0 ;  993654421
260562033770313 ; ImageProcessing ;  5 ; 3000000000 ;        0 ;  938792302
260562992222392 ; ImageProcessing ;  5 ; 3000000000 ;        0 ;  986099227
260564145882652 ; ImageProcessing ;  5 ; 3000000000 ;        0 ;  797219886
260564974338452 ; ImageProcessing ;  5 ; 3000000000 ;        0 ;  977854139
260566042339802 ; ImageProcessing ;  5 ; 3000000000 ;        0 ;  870556375
260566992998113 ; ImageProcessing ;  5 ; 3000000000 ;        0 ;  895017956
260567903458548 ; ImageProcessing ;  5 ; 3000000000 ;        0 ; 1008266784
260568977997882 ; ImageProcessing ;  5 ; 3000000000 ;        0 ;  881241549
260569903457899 ; ImageProcessing ;  5 ; 3000000000 ;        0 ;  977689761
260570903458842 ; ImageProcessing ;  5 ; 3000000000 ;        0 ;  990958064
260571903459178 ; ImageProcessing ;  5 ; 3000000000 ;        0 ;  961077828
260572903457058 ; ImageProcessing ;  5 ; 3000000000 ;        0 ;  967964676
260573903459665 ; ImageProcessing ;  5 ; 3000000000 ;        0 ;  941762117
260574853338976 ; ImageProcessing ;  5 ; 3000000000 ;        0 ;  925321497
260575914752594 ; ImageProcessing ;  5 ; 3000000000 ;        0 ;  836783321
260576817884083 ; ImageProcessing ;  5 ; 3000000000 ;        0 ;  927217556
260577790338512 ; ImageProcessing ;  5 ; 3000000000 ;        0 ;  966645761
260578833770179 ; ImageProcessing ;  5 ; 3000000000 ;        0 ;  865865380
260579754223201 ; ImageProcessing ;  5 ; 3000000000 ;        0 ;  934425677
260580727339019 ; ImageProcessing ;  5 ; 3000000000 ;        0 ;  946239474
260581681996975 ; ImageProcessing ;  5 ; 3000000000 ;        0 ;  970403992
260582653458626 ; ImageProcessing ;  5 ; 3000000000 ;        0 ;  989814034
260583653457554 ; ImageProcessing ;  5 ; 3000000000 ;        0 ; 1020482023
260584732339366 ; ImageProcessing ;  5 ; 3000000000 ;        0 ;  871445901
260585649882883 ; ImageProcessing ;  5 ; 3000000000 ;        0 ; 1014286669
260586690224024 ; ImageProcessing ;  5 ; 3000000000 ;        0 ;  928363152
260587636997115 ; ImageProcessing ;  5 ; 3000000000 ;        0 ; 1023850711
260588673770147 ; ImageProcessing ;  5 ; 3000000000 ;        0 ;  926199774
260589621997719 ; ImageProcessing ;  5 ; 3000000000 ;        0 ;  978344404
260590606338538 ; ImageProcessing ;  5 ; 3000000000 ;        0 ;  905065561
260591553770481 ; ImageProcessing ;  5 ; 3000000000 ;        0 ;  945386107
260592513770024 ; ImageProcessing ;  5 ; 3000000000 ;        0 ;  988350733
260593543338420 ; ImageProcessing ;  5 ; 3000000000 ;        0 ;  923629117
260594481885350 ; ImageProcessing ;  5 ; 3000000000 ;        0 ;  970119931
260595576996760 ; ImageProcessing ;  5 ; 3000000000 ;        0 ;  858153296
260596480340241 ; ImageProcessing ;  5 ; 3000000000 ;        0 ;  951569122
260597548337776 ; ImageProcessing ;  5 ; 3000000000 ;        0 ;  855874808
260598513771439 ; ImageProcessing ;  5 ; 3000000000 ;        0 ;  881754910
260599403456976 ; ImageProcessing ;  5 ; 3000000000 ;        0 ;  992453879
260600403459549 ; ImageProcessing ;  5 ; 3000000000 ;        0 ;  979726758
260601393769557 ; ImageProcessing ;  5 ; 3000000000 ;        0 ;  983972589
260602403459490 ; ImageProcessing ;  5 ; 3000000000 ;        0 ;  981497042
260603403458999 ; ImageProcessing ;  5 ; 3000000000 ;        0 ;  961294334
260604403458725 ; ImageProcessing ;  5 ; 3000000000 ;        0 ;  972568790
260605403458261 ; ImageProcessing ;  5 ; 3000000000 ;        0 ;  864553195
260606295997805 ; ImageProcessing ;  5 ; 3000000000 ;        0 ;  968415972
260607393768598 ; ImageProcessing ;  5 ; 3000000000 ;        0 ;  850025764
260608280997495 ; ImageProcessing ;  5 ; 3000000000 ;        0 ;  986595688
260609296338596 ; ImageProcessing ;  5 ; 3000000000 ;        0 ;  911086385
260610225884866 ; ImageProcessing ;  5 ; 3000000000 ;        0 ;  987664589
260611233770665 ; ImageProcessing ;  5 ; 3000000000 ;        0 ;  941511127
260612193769483 ; ImageProcessing ;  5 ; 3000000000 ;        0 ;  979640645
260613278221986 ; ImageProcessing ;  5 ; 3000000000 ;        0 ;  861531774
260614145222676 ; ImageProcessing ;  5 ; 3000000000 ;        0 ;  979900671
260615153459258 ; ImageProcessing ;  5 ; 3000000000 ;        0 ;  979404595
260616153457444 ; ImageProcessing ;  5 ; 3000000000 ;        0 ;  950702517
260617137884401 ; ImageProcessing ;  5 ; 3000000000 ;        0 ; 1016951761
260618191222389 ; ImageProcessing ;  5 ; 3000000000 ;        0 ;  933363592
260619153459039 ; ImageProcessing ;  5 ; 3000000000 ;        0 ;  970109978
260620153456880 ; ImageProcessing ;  5 ; 3000000000 ;        0 ;  954082690
260621153459103 ; ImageProcessing ;  5 ; 3000000000 ;        0 ;  859880064
260622033770523 ; ImageProcessing ;  5 ; 3000000000 ;        0 ;  971886212
260623104223633 ; ImageProcessing ;  5 ; 3000000000 ;        0 ;  878287545
260624049885074 ; ImageProcessing ;  5 ; 3000000000 ;        0 ;  946756224
260625049339335 ; ImageProcessing ;  5 ; 3000000000 ;        0 ;  902253422
260625969885172 ; ImageProcessing ;  5 ; 3000000000 ;        0 ;  969314509
260626939998194 ; ImageProcessing ;  5 ; 3000000000 ;        0 ;  990809211
260627986338600 ; ImageProcessing ;  5 ; 3000000000 ;        0 ;  910134439
260628903459280 ; ImageProcessing ;  5 ; 3000000000 ;        0 ; 1008017110
260629953770830 ; ImageProcessing ;  5 ; 3000000000 ;        0 ;  913041374
260630903457439 ; ImageProcessing ;  5 ; 3000000000 ;        0 ; 1003788198
260631991340362 ; ImageProcessing ;  5 ; 3000000000 ;        0 ;  861069361
260632881882273 ; ImageProcessing ;  5 ; 3000000000 ;        0 ; 1017207397
260633903458719 ; ImageProcessing ;  5 ; 3000000000 ;        0 ;  981941352
260634903459763 ; ImageProcessing ;  5 ; 3000000000 ;        0 ;  982997746
260635903459232 ; ImageProcessing ;  5 ; 3000000000 ;        0 ;  943070330
260636864998766 ; ImageProcessing ;  5 ; 3000000000 ;        0 ;  899053996
260637843222820 ; ImageProcessing ;  5 ; 3000000000 ;        0 ;  903940077
260638833770248 ; ImageProcessing ;  5 ; 3000000000 ;        0 ;  889819318
260639734338627 ; ImageProcessing ;  5 ; 3000000000 ;        0 ;  978403934
260640733222952 ; ImageProcessing ;  5 ; 3000000000 ;        0 ;  966136617
260641713770255 ; ImageProcessing ;  5 ; 3000000000 ;        0 ;  994724482
260642756222482 ; ImageProcessing ;  5 ; 3000000000 ;        0 ;  912961820
260643739339843 ; ImageProcessing ;  5 ; 3000000000 ;        0 ;  959186494
260644779221127 ; ImageProcessing ;  5 ; 3000000000 ;        0 ;  852022775
260645646223320 ; ImageProcessing ;  5 ; 3000000000 ;        0 ; 1006262125
260646653457264 ; ImageProcessing ;  5 ; 3000000000 ;        0 ; 1111396475
260647796884965 ; ImageProcessing ;  5 ; 3000000000 ;        0 ;  771454244
260648614268067 ; ImageProcessing ;  5 ; 3000000000 ;        0 ;  947779211
260649562398715 ; ImageProcessing ;  5 ; 3000000000 ;        0 ;  983708822
260650546466017 ; ImageProcessing ;  5 ; 3000000000 ;        0 ; 1001693206
260651548512006 ; ImageProcessing ;  5 ; 3000000000 ;        0 ;  971523222
260652563157980 ; ImageProcessing ;  5 ; 3000000000 ;        0 ; 1072821618
260653635990835 ; ImageProcessing ;  5 ; 3000000000 ;        0 ;  977356388
260654642033537 ; ImageProcessing ;  5 ; 3000000000 ;        0 ;  827725001
260655472222875 ; ImageProcessing ;  5 ; 3000000000 ;        0 ; 1025629577
260656555339591 ; ImageProcessing ;  5 ; 3000000000 ;        0 ;  888802766
260657457884674 ; ImageProcessing ;  5 ; 3000000000 ;        0 ;  965633226
260658424338227 ; ImageProcessing ;  5 ; 3000000000 ;        0 ;  975353719
260659403457822 ; ImageProcessing ;  5 ; 3000000000 ;        0 ;  983780292
260660403459860 ; ImageProcessing ;  5 ; 3000000000 ;        0 ;  982460053
260661393769834 ; ImageProcessing ;  5 ; 3000000000 ;        0 ;  965992200
260662403456937 ; ImageProcessing ;  5 ; 3000000000 ;        0 ;  986949296
260663403458759 ; ImageProcessing ;  5 ; 3000000000 ;        0 ;  953483170
260664369884085 ; ImageProcessing ;  5 ; 3000000000 ;        0 ;  997552615
260665403456712 ; ImageProcessing ;  5 ; 3000000000 ;        0 ;  983702499
260666403458715 ; ImageProcessing ;  5 ; 3000000000 ;        0 ;  951502675
260667393768447 ; ImageProcessing ;  5 ; 3000000000 ;        0 ;  873588680
260668303338488 ; ImageProcessing ;  5 ; 3000000000 ;        0 ;  940015610
260669313768824 ; ImageProcessing ;  5 ; 3000000000 ;        0 ;  925204106
260670273770009 ; ImageProcessing ;  5 ; 3000000000 ;        0 ;  940824822
260671233770096 ; ImageProcessing ;  5 ; 3000000000 ;        0 ;  977404410
260672234223388 ; ImageProcessing ;  5 ; 3000000000 ;        0 ;  953471411
260673201883942 ; ImageProcessing ;  5 ; 3000000000 ;        0 ;  966759869
260674177338493 ; ImageProcessing ;  5 ; 3000000000 ;        0 ;  970702794
260675153458254 ; ImageProcessing ;  5 ; 3000000000 ;        0 ;  979168459
260676153457115 ; ImageProcessing ;  5 ; 3000000000 ;        0 ;  982452876
260677147222563 ; ImageProcessing ;  5 ; 3000000000 ;        0 ;  968611274
260678152995887 ; ImageProcessing ;  5 ; 3000000000 ;        0 ; 1010961281
260679170222093 ; ImageProcessing ;  5 ; 3000000000 ;        0 ;  926667047
260680113769605 ; ImageProcessing ;  5 ; 3000000000 ;        0 ; 1030777667
260681153457963 ; ImageProcessing ;  5 ; 3000000000 ;        0 ;  960964927
260682122997130 ; ImageProcessing ;  5 ; 3000000000 ;        0 ;  907993714
260683153458313 ; ImageProcessing ;  5 ; 3000000000 ;        0 ;  853958528
260684056338630 ; ImageProcessing ;  5 ; 3000000000 ;        0 ;  944577668
260685105883279 ; ImageProcessing ;  5 ; 3000000000 ;        0 ;  872954574
260686092995741 ; ImageProcessing ;  5 ; 3000000000 ;        0 ;  870995816
260686973222217 ; ImageProcessing ;  5 ; 3000000000 ;        0 ; 1010534897
260688033769959 ; ImageProcessing ;  5 ; 3000000000 ;        0 ;  893598199
260688945883380 ; ImageProcessing ;  5 ; 3000000000 ;        0 ;  991655631
260689953770072 ; ImageProcessing ;  5 ; 3000000000 ;        0 ;  934187231
260690903458696 ; ImageProcessing ;  5 ; 3000000000 ;        0 ;  997556321
260691903458776 ; ImageProcessing ;  5 ; 3000000000 ;        0 ;  960133092
260692867338215 ; ImageProcessing ;  5 ; 3000000000 ;        0 ; 1029891793
260693903457423 ; ImageProcessing ;  5 ; 3000000000 ;        0 ;  976391102
260694903459171 ; ImageProcessing ;  5 ; 3000000000 ;        0 ;  968146335
260695903458949 ; ImageProcessing ;  5 ; 3000000000 ;        0 ;  955540749
260696872338370 ; ImageProcessing ;  5 ; 3000000000 ;        0 ; 1002423695
260697903458261 ; ImageProcessing ;  5 ; 3000000000 ;        0 ;  860395414
260698796996976 ; ImageProcessing ;  5 ; 3000000000 ;        0 ;  954681322
260699793770092 ; ImageProcessing ;  5 ; 3000000000 ;        0 ;  948469674
260700753769721 ; ImageProcessing ;  5 ; 3000000000 ;        0 ;  985664979
260701903457175 ; ImageProcessing ;  5 ; 3000000000 ;        0 ;  814232008
260702746338416 ; ImageProcessing ;  5 ; 3000000000 ;        0 ;  979715614
260703735223639 ; ImageProcessing ;  5 ; 3000000000 ;        0 ;  939943152
260704689884071 ; ImageProcessing ;  5 ; 3000000000 ;        0 ;  975278600
260705683338843 ; ImageProcessing ;  5 ; 3000000000 ;        0 ;  957552916
260706653457996 ; ImageProcessing ;  5 ; 3000000000 ;        0 ;  975767913
260707653458557 ; ImageProcessing ;  5 ; 3000000000 ;        0 ;  948501953
260708620337845 ; ImageProcessing ;  5 ; 3000000000 ;        0 ;  990396193
260709633769751 ; ImageProcessing ;  5 ; 3000000000 ;        0 ;  987555128
260710653456709 ; ImageProcessing ;  5 ; 3000000000 ;        0 ;  950456776
260711653459317 ; ImageProcessing ;  5 ; 3000000000 ;        0 ;  962711914
260712625337218 ; ImageProcessing ;  5 ; 3000000000 ;        0 ;  978419735
260713653459167 ; ImageProcessing ;  5 ; 3000000000 ;        0 ;  861996520
260714653456677 ; ImageProcessing ;  5 ; 3000000000 ;        0 ;  845803566
260715562339262 ; ImageProcessing ;  5 ; 3000000000 ;        0 ;  929068737
260716593769007 ; ImageProcessing ;  5 ; 3000000000 ;        0 ;  875213492
260717553770712 ; ImageProcessing ;  5 ; 3000000000 ;        0 ;  886578005
260718474223261 ; ImageProcessing ;  5 ; 3000000000 ;        0 ;  978118266
260719473770358 ; ImageProcessing ;  5 ; 3000000000 ;        0 ;  937335199
260720433770297 ; ImageProcessing ;  5 ; 3000000000 ;        0 ;  971949751
260721425998332 ; ImageProcessing ;  5 ; 3000000000 ;        0 ;  989055769
260722504347584 ; ImageProcessing ;  5 ; 3000000000 ;        0 ;  855363345
260723387221031 ; ImageProcessing ;  5 ; 3000000000 ;        0 ;  984020040
260724373338374 ; ImageProcessing ;  5 ; 3000000000 ;        0 ;  988351351
260725395995900 ; ImageProcessing ;  5 ; 3000000000 ;        0 ; 1016629874
260726433770707 ; ImageProcessing ;  5 ; 3000000000 ;        0 ;  930049429
260727380997526 ; ImageProcessing ;  5 ; 3000000000 ;        0 ;  980321068
260728378338163 ; ImageProcessing ;  5 ; 3000000000 ;        0 ;  896054399
260729313769721 ; ImageProcessing ;  5 ; 3000000000 ;        0 ;  940401293
260730273769985 ; ImageProcessing ;  5 ; 3000000000 ;        0 ;  968322354
260731315339118 ; ImageProcessing ;  5 ; 3000000000 ;        0 ;  911566164
260732337882485 ; ImageProcessing ;  5 ; 3000000000 ;        0 ;  873110360
260733213222698 ; ImageProcessing ;  5 ; 3000000000 ;        0 ;  981960746
260734252339219 ; ImageProcessing ;  5 ; 3000000000 ;        0 ;  941492141
260735236233437 ; ImageProcessing ;  5 ; 3000000000 ;        0 ;  933677890
260736177883915 ; ImageProcessing ;  5 ; 3000000000 ;        0 ; 1024244070
260737233769489 ; ImageProcessing ;  5 ; 3000000000 ;        0 ;  888823365
260738126223274 ; ImageProcessing ;  5 ; 3000000000 ;        0 ; 1017151158
260739153458287 ; ImageProcessing ;  5 ; 3000000000 ;        0 ;  942890472
260740113770033 ; ImageProcessing ;  5 ; 3000000000 ;        0 ; 1003282901
260741153456938 ; ImageProcessing ;  5 ; 3000000000 ;        0 ;  972278925
260742153459558 ; ImageProcessing ;  5 ; 3000000000 ;        0 ;  949416583
260743153458820 ; ImageProcessing ;  5 ; 3000000000 ;        0 ;  960846969
260744131338386 ; ImageProcessing ;  5 ; 3000000000 ;        0 ;  886618101
260745062222302 ; ImageProcessing ;  5 ; 3000000000 ;        0 ;  944705864
260746039996954 ; ImageProcessing ;  5 ; 3000000000 ;        0 ;  954696085
260747068339909 ; ImageProcessing ;  5 ; 3000000000 ;        0 ;  897722807
260748024997269 ; ImageProcessing ;  5 ; 3000000000 ;        0 ; 1059361164
260749108221317 ; ImageProcessing ;  5 ; 3000000000 ;        0 ;  819938695
260749953769850 ; ImageProcessing ;  5 ; 3000000000 ;        0 ;  978955420
260751073338281 ; ImageProcessing ;  5 ; 3000000000 ;        0 ;  825095492
260751903458914 ; ImageProcessing ;  5 ; 3000000000 ;        0 ;  992040603
260752903459363 ; ImageProcessing ;  5 ; 3000000000 ;        0 ;  978822167
260753903458230 ; ImageProcessing ;  5 ; 3000000000 ;        0 ;  948372835
260754888222912 ; ImageProcessing ;  5 ; 3000000000 ;        0 ;  966875480
260755879338474 ; ImageProcessing ;  5 ; 3000000000 ;        0 ;  986390638
260756903456992 ; ImageProcessing ;  5 ; 3000000000 ;        0 ;  968704526
260757873769684 ; ImageProcessing ;  5 ; 3000000000 ;        0 ;  993790953
260758903459197 ; ImageProcessing ;  5 ; 3000000000 ;        0 ;  931548808
260759884337332 ; ImageProcessing ;  5 ; 3000000000 ;        0 ;  884302192
260760903458184 ; ImageProcessing ;  5 ; 3000000000 ;        0 ;  836573669
260761753338526 ; ImageProcessing ;  5 ; 3000000000 ;        0 ;  980542241
260762821339002 ; ImageProcessing ;  5 ; 3000000000 ;        0 ;  893879689
260763825882730 ; ImageProcessing ;  5 ; 3000000000 ;        0 ;  872018172
260764698998044 ; ImageProcessing ;  5 ; 3000000000 ;        0 ;  985760789
260765745883945 ; ImageProcessing ;  5 ; 3000000000 ;        0 ;  929757706
260766683997440 ; ImageProcessing ;  5 ; 3000000000 ;        0 ;  955971776
260767653458906 ; ImageProcessing ;  5 ; 3000000000 ;        0 ; 1015793709
260768673769541 ; ImageProcessing ;  5 ; 3000000000 ;        0 ;  969915872
260769653458203 ; ImageProcessing ;  5 ; 3000000000 ;        0 ;  945843489
260770653457372 ; ImageProcessing ;  5 ; 3000000000 ;        0 ;  963943952
260771632339644 ; ImageProcessing ;  5 ; 3000000000 ;        0 ;  978223742
260772638995504 ; ImageProcessing ;  5 ; 3000000000 ;        0 ; 1008702800
260773653459291 ; ImageProcessing ;  5 ; 3000000000 ;        0 ;  955748484
260774623997775 ; ImageProcessing ;  5 ; 3000000000 ;        0 ;  903498570
260775633770247 ; ImageProcessing ;  5 ; 3000000000 ;        0 ;  865578034
260776563224097 ; ImageProcessing ;  5 ; 3000000000 ;        0 ;  923226651
260777506338345 ; ImageProcessing ;  5 ; 3000000000 ;        0 ;  961218158
260778513770190 ; ImageProcessing ;  5 ; 3000000000 ;        0 ;  941505180
   timestamp ;      Chain ; ID ;   deadline ; affinity ;             duration
261600029397130 ; ImageProcessing ;  5 ; 3000000000 ;        0 ;  514451558
261600543855269 ; ImageProcessing ;  5 ; 3000000000 ;        0 ;  191263899
261600735126543 ; ImageProcessing ;  5 ; 3000000000 ;        0 ;  325767128
261601097188820 ; ImageProcessing ;  5 ; 3000000000 ;        0 ;  949841019
261602173979738 ; ImageProcessing ;  5 ; 3000000000 ;        0 ;  844210887
261603027454807 ; ImageProcessing ;  5 ; 3000000000 ;        0 ; 1018639353
261604106293827 ; ImageProcessing ;  5 ; 3000000000 ;        0 ;  893283784
261605011871537 ; ImageProcessing ;  5 ; 3000000000 ;        0 ; 1002688005
261606027455181 ; ImageProcessing ;  5 ; 3000000000 ;        0 ;  968957786
261607027454882 ; ImageProcessing ;  5 ; 3000000000 ;        0 ;  970821091
261608027453953 ; ImageProcessing ;  5 ; 3000000000 ;        0 ;  976563435
261609027454827 ; ImageProcessing ;  5 ; 3000000000 ;        0 ;  952070591
261609980294252 ; ImageProcessing ;  5 ; 3000000000 ;        0 ; 1013169499
261611027455301 ; ImageProcessing ;  5 ; 3000000000 ;        0 ;  857711199
261611923870794 ; ImageProcessing ;  5 ; 3000000000 ;        0 ;  937566291
261612892979841 ; ImageProcessing ;  5 ; 3000000000 ;        0 ;  973863134
261613985292877 ; ImageProcessing ;  5 ; 3000000000 ;        0 ;  853067052
261614877980565 ; ImageProcessing ;  5 ; 3000000000 ;        0 ;  950746270
261615836188387 ; ImageProcessing ;  5 ; 3000000000 ;        0 ;  963489627
261616862979903 ; ImageProcessing ;  5 ; 3000000000 ;        0 ;  949650147
261617827765372 ; ImageProcessing ;  5 ; 3000000000 ;        0 ;  931346910
261618777453599 ; ImageProcessing ;  5 ; 3000000000 ;        0 ; 1012586922
261619859295014 ; ImageProcessing ;  5 ; 3000000000 ;        0 ;  872342977
261620749187860 ; ImageProcessing ;  5 ; 3000000000 ;        0 ; 1037435882
261621905187635 ; ImageProcessing ;  5 ; 3000000000 ;        0 ;  829414296
261622772187916 ; ImageProcessing ;  5 ; 3000000000 ;        0 ;  971282322
261623777454472 ; ImageProcessing ;  5 ; 3000000000 ;        0 ;  973984095
261624777452977 ; ImageProcessing ;  5 ; 3000000000 ;        0 ;  943765703
261625733295153 ; ImageProcessing ;  5 ; 3000000000 ;        0 ;  933532660
261626707765924 ; ImageProcessing ;  5 ; 3000000000 ;        0 ;  917575386
261627667765228 ; ImageProcessing ;  5 ; 3000000000 ;        0 ;  941902879
261628627765193 ; ImageProcessing ;  5 ; 3000000000 ;        0 ;  981326893
261629708188566 ; ImageProcessing ;  5 ; 3000000000 ;        0 ;  869371911
261630739870225 ; ImageProcessing ;  5 ; 3000000000 ;        0 ;  827932407
261631607294449 ; ImageProcessing ;  5 ; 3000000000 ;        0 ;  958817101
261632598188615 ; ImageProcessing ;  5 ; 3000000000 ;        0 ;  930896981
261633536983437 ; ImageProcessing ;  5 ; 3000000000 ;        0 ; 1013168575
261634579870521 ; ImageProcessing ;  5 ; 3000000000 ;        0 ;  941220687
261635521980422 ; ImageProcessing ;  5 ; 3000000000 ;        0 ;  995449946
261636527453940 ; ImageProcessing ;  5 ; 3000000000 ;        0 ;  973586470
261637506979354 ; ImageProcessing ;  5 ; 3000000000 ;        0 ; 1002662852
261638527454576 ; ImageProcessing ;  5 ; 3000000000 ;        0 ;  953530537
261639491978982 ; ImageProcessing ;  5 ; 3000000000 ;        0 ; 1032392538
261640527455539 ; ImageProcessing ;  5 ; 3000000000 ;        0 ;  955401901
261641486294208 ; ImageProcessing ;  5 ; 3000000000 ;        0 ;  928946067
261642424190272 ; ImageProcessing ;  5 ; 3000000000 ;        0 ;  947916235
261643411871456 ; ImageProcessing ;  5 ; 3000000000 ;        0 ;  946219829
261644423293844 ; ImageProcessing ;  5 ; 3000000000 ;        0 ;  916879506
261645427766076 ; ImageProcessing ;  5 ; 3000000000 ;        0 ;  907036334
261646387766858 ; ImageProcessing ;  5 ; 3000000000 ;        0 ;  915049739
261647337192426 ; ImageProcessing ;  5 ; 3000000000 ;        0 ;  968891794
261648307766161 ; ImageProcessing ;  5 ; 3000000000 ;        0 ;  965370100
261649277454172 ; ImageProcessing ;  5 ; 3000000000 ;        0 ;  979588464
261650277455230 ; ImageProcessing ;  5 ; 3000000000 ;        0 ; 1025838545
261651365296262 ; ImageProcessing ;  5 ; 3000000000 ;        0 ;  860205083
261652243871468 ; ImageProcessing ;  5 ; 3000000000 ;        0 ; 1029493539
261653277454136 ; ImageProcessing ;  5 ; 3000000000 ;        0 ;  970641094
261654273190410 ; ImageProcessing ;  5 ; 3000000000 ;        0 ;  971129805
261655267775399 ; ImageProcessing ;  5 ; 3000000000 ;        0 ;  981734996
261656277456969 ; ImageProcessing ;  5 ; 3000000000 ;        0 ;  865535228
261657163189425 ; ImageProcessing ;  5 ; 3000000000 ;        0 ;  994683850
261658277455090 ; ImageProcessing ;  5 ; 3000000000 ;        0 ;  832233941
261659155876119 ; ImageProcessing ;  5 ; 3000000000 ;        0 ;  944883203
261660135979955 ; ImageProcessing ;  5 ; 3000000000 ;        0 ;  966088116
261661209191641 ; ImageProcessing ;  5 ; 3000000000 ;        0 ;  859469481
261662076188847 ; ImageProcessing ;  5 ; 3000000000 ;        0 ;  999281943
261663113294981 ; ImageProcessing ;  5 ; 3000000000 ;        0 ;  939830752
261664099188916 ; ImageProcessing ;  5 ; 3000000000 ;        0 ;  920112937
261665027454976 ; ImageProcessing ;  5 ; 3000000000 ;        0 ;  978483867
261666027453840 ; ImageProcessing ;  5 ; 3000000000 ;        0 ; 1002540744
261667118296450 ; ImageProcessing ;  5 ; 3000000000 ;        0 ;  867879411
261667987765867 ; ImageProcessing ;  5 ; 3000000000 ;        0 ;  992960739
261668987294947 ; ImageProcessing ;  5 ; 3000000000 ;        0 ; 1004867294
261670027455370 ; ImageProcessing ;  5 ; 3000000000 ;        0 ;  976819055
261671027454095 ; ImageProcessing ;  5 ; 3000000000 ;        0 ;  953115372
261672027458193 ; ImageProcessing ;  5 ; 3000000000 ;        0 ;  871929518
261672979873024 ; ImageProcessing ;  5 ; 3000000000 ;        0 ;  924827922
261673925189884 ; ImageProcessing ;  5 ; 3000000000 ;        0 ;  932454794
261674861294450 ; ImageProcessing ;  5 ; 3000000000 ;        0 ;  988882507
261675907769550 ; ImageProcessing ;  5 ; 3000000000 ;        0 ;  923708467
261676867766047 ; ImageProcessing ;  5 ; 3000000000 ;        0 ;  971119920
261677971187810 ; ImageProcessing ;  5 ; 3000000000 ;        0 ;  818770415
261678794981466 ; ImageProcessing ;  5 ; 3000000000 ;        0 ;  985689022
261679891869539 ; ImageProcessing ;  5 ; 3000000000 ;        0 ;  866066311
261680777455411 ; ImageProcessing ;  5 ; 3000000000 ;        0 ;  993456718
261681777454427 ; ImageProcessing ;  5 ; 3000000000 ;        0 ;  999836360
261682777454948 ; ImageProcessing ;  5 ; 3000000000 ;        0 ;  972303411
261683751194488 ; ImageProcessing ;  5 ; 3000000000 ;        0 ;  980379326
261684740294002 ; ImageProcessing ;  5 ; 3000000000 ;        0 ; 1015304682
261685774190670 ; ImageProcessing ;  5 ; 3000000000 ;        0 ;  951274726
261686734980496 ; ImageProcessing ;  5 ; 3000000000 ;        0 ;  990304148
261687777454228 ; ImageProcessing ;  5 ; 3000000000 ;        0 ;  848699184
261688627765979 ; ImageProcessing ;  5 ; 3000000000 ;        0 ; 1022915435
261689777454424 ; ImageProcessing ;  5 ; 3000000000 ;        0 ;  820174826
261690614293866 ; ImageProcessing ;  5 ; 3000000000 ;        0 ;  975000060
261691682294969 ; ImageProcessing ;  5 ; 3000000000 ;        0 ;  889772416
261692689979050 ; ImageProcessing ;  5 ; 3000000000 ;        0 ;  874726908
261693577189300 ; ImageProcessing ;  5 ; 3000000000 ;        0 ;  952734875
261694619295275 ; ImageProcessing ;  5 ; 3000000000 ;        0 ;  897958328
261695527454498 ; ImageProcessing ;  5 ; 3000000000 ;        0 ;  974453426
261696527454884 ; ImageProcessing ;  5 ; 3000000000 ;        0 ;  976032272
261697507766130 ; ImageProcessing ;  5 ; 3000000000 ;        0 ; 1002781535
261698527454981 ; ImageProcessing ;  5 ; 3000000000 ;        0 ;  950502715
261699527455665 ; ImageProcessing ;  5 ; 3000000000 ;        0 ;  995530404
261700527454288 ; ImageProcessing ;  5 ; 3000000000 ;        0 ;  970014403
261701527454158 ; ImageProcessing ;  5 ; 3000000000 ;        0 ;  952116726
261702527453166 ; ImageProcessing ;  5 ; 3000000000 ;        0 ;  870868719
261703403188233 ; ImageProcessing ;  5 ; 3000000000 ;        0 ;  978707895
261704467765427 ; ImageProcessing ;  5 ; 3000000000 ;        0 ;  915112644
261705393980476 ; ImageProcessing ;  5 ; 3000000000 ;        0 ;  947783471
261706367293775 ; ImageProcessing ;  5 ; 3000000000 ;        0 ;  972525085
261707347765266 ; ImageProcessing ;  5 ; 3000000000 ;        0 ;  987380464
261708503292763 ; ImageProcessing ;  5 ; 3000000000 ;        0 ;  794233435
261709304293428 ; ImageProcessing ;  5 ; 3000000000 ;        0 ;  990463655
261710339190131 ; ImageProcessing ;  5 ; 3000000000 ;        0 ;  922821004
261711277454812 ; ImageProcessing ;  5 ; 3000000000 ;        0 ;  970932862
261712277455497 ; ImageProcessing ;  5 ; 3000000000 ;        0 ; 1522550037
261713808879258 ; ImageProcessing ;  5 ; 3000000000 ;        0 ;  956875048
261714765767262 ; ImageProcessing ;  5 ; 3000000000 ;        0 ;  970399087
261715736195241 ; ImageProcessing ;  5 ; 3000000000 ;        0 ;  943471042
261716679679897 ; ImageProcessing ;  5 ; 3000000000 ;        0 ;  910997846
261717590691473 ; ImageProcessing ;  5 ; 3000000000 ;        0 ; 1352222862
261718942926334 ; ImageProcessing ;  5 ; 3000000000 ;        0 ;  527786528
261719470720198 ; ImageProcessing ;  5 ; 3000000000 ;        0 ;  654437338
261720165189158 ; ImageProcessing ;  5 ; 3000000000 ;        0 ;  969496608
261721267764472 ; ImageProcessing ;  5 ; 3000000000 ;        0 ;  821482546
261722120293480 ; ImageProcessing ;  5 ; 3000000000 ;        0 ;  963173355
261723187764833 ; ImageProcessing ;  5 ; 3000000000 ;        0 ;  879102618
261724147766086 ; ImageProcessing ;  5 ; 3000000000 ;        0 ;  929282864
261725078188451 ; ImageProcessing ;  5 ; 3000000000 ;        0 ;  939940529
261726027454210 ; ImageProcessing ;  5 ; 3000000000 ;        0 ; 1010369880
261727101189378 ; ImageProcessing ;  5 ; 3000000000 ;        0 ;  884563878
261727987765701 ; ImageProcessing ;  5 ; 3000000000 ;        0 ; 1031528166
261729027454397 ; ImageProcessing ;  5 ; 3000000000 ;        0 ;  976154861
261730007980843 ; ImageProcessing ;  5 ; 3000000000 ;        0 ; 1005848942
261731027455306 ; ImageProcessing ;  5 ; 3000000000 ;        0 ;  956978718
261731992979096 ; ImageProcessing ;  5 ; 3000000000 ;        0 ; 1021832316
261733027455097 ; ImageProcessing ;  5 ; 3000000000 ;        0 ;  936373049
261733977979386 ; ImageProcessing ;  5 ; 3000000000 ;        0 ;  902796498
261734904188743 ; ImageProcessing ;  5 ; 3000000000 ;        0 ;  970752635
261735907765758 ; ImageProcessing ;  5 ; 3000000000 ;        0 ;  969754840
261736927189270 ; ImageProcessing ;  5 ; 3000000000 ;        0 ;  907972483
261737873294064 ; ImageProcessing ;  5 ; 3000000000 ;        0 ;  959686483
261738941293497 ; ImageProcessing ;  5 ; 3000000000 ;        0 ;  866037747
261739817188751 ; ImageProcessing ;  5 ; 3000000000 ;        0 ;  969870511
261740810293955 ; ImageProcessing ;  5 ; 3000000000 ;        0 ;  977276979
261741840189755 ; ImageProcessing ;  5 ; 3000000000 ;        0 ;  918175946
261742777454675 ; ImageProcessing ;  5 ; 3000000000 ;        0 ;  984841843
261743777454588 ; ImageProcessing ;  5 ; 3000000000 ;        0 ;  970561620
261744777455235 ; ImageProcessing ;  5 ; 3000000000 ;        0 ;  989348734
261745777455866 ; ImageProcessing ;  5 ; 3000000000 ;        0 ;  950482405
261746753190171 ; ImageProcessing ;  5 ; 3000000000 ;        0 ;  997161206
261747752293788 ; ImageProcessing ;  5 ; 3000000000 ;        0 ;  985993066
261748776194052 ; ImageProcessing ;  5 ; 3000000000 ;        0 ;  868795310
261749777453544 ; ImageProcessing ;  5 ; 3000000000 ;        0 ;  851398450
261750651980748 ; ImageProcessing ;  5 ; 3000000000 ;        0 ;  961519414
261751666189396 ; ImageProcessing ;  5 ; 3000000000 ;        0 ;  961542637
261752636980594 ; ImageProcessing ;  5 ; 3000000000 ;        0 ;  952571266
261753619871149 ; ImageProcessing ;  5 ; 3000000000 ;        0 ;  942945263
261754621980290 ; ImageProcessing ;  5 ; 3000000000 ;        0 ;  968416182
261755712187410 ; ImageProcessing ;  5 ; 3000000000 ;        0 ;  835180863
261756547765424 ; ImageProcessing ;  5 ; 3000000000 ;        0 ;  962115321
261757527455917 ; ImageProcessing ;  5 ; 3000000000 ;        0 ;  965059707
261758527453309 ; ImageProcessing ;  5 ; 3000000000 ;        0 ;  952833669
261759500293923 ; ImageProcessing ;  5 ; 3000000000 ;        0 ;  999884109
261760527453688 ; ImageProcessing ;  5 ; 3000000000 ;        0 ;  980193669
261761527454782 ; ImageProcessing ;  5 ; 3000000000 ;        0 ;  973678663
261762527454383 ; ImageProcessing ;  5 ; 3000000000 ;        0 ;  954586570
261763505305455 ; ImageProcessing ;  5 ; 3000000000 ;        0 ;  970949206
261764527455507 ; ImageProcessing ;  5 ; 3000000000 ;        0 ;  864570864
261765427765023 ; ImageProcessing ;  5 ; 3000000000 ;        0 ;  940086909
261766387765665 ; ImageProcessing ;  5 ; 3000000000 ;        0 ;  972094303
261767443871099 ; ImageProcessing ;  5 ; 3000000000 ;        0 ;  922257259
261768428189367 ; ImageProcessing ;  5 ; 3000000000 ;        0 ;  895976408
261769363871114 ; ImageProcessing ;  5 ; 3000000000 ;        0 ;  963519064
261770447292474 ; ImageProcessing ;  5 ; 3000000000 ;        0 ;  839963303
261771295983221 ; ImageProcessing ;  5 ; 3000000000 ;        0 ; 1018902917
261772316293894 ; ImageProcessing ;  5 ; 3000000000 ;        0 ;  941753944
261773277454135 ; ImageProcessing ;  5 ; 3000000000 ;        0 ;  987822334
261774277454205 ; ImageProcessing ;  5 ; 3000000000 ;        0 ;  965660935
261775253293658 ; ImageProcessing ;  5 ; 3000000000 ;        0 ; 1001370417
261776275871895 ; ImageProcessing ;  5 ; 3000000000 ;        0 ;  991077382
261777277454798 ; ImageProcessing ;  5 ; 3000000000 ;        0 ;  967611829
261778254188787 ; ImageProcessing ;  5 ; 3000000000 ;        0 ;  966312233
261779235980162 ; ImageProcessing ;  5 ; 3000000000 ;        0 ;  916607653
261780277189052 ; ImageProcessing ;  5 ; 3000000000 ;        0 ;  848488197
261781127293363 ; ImageProcessing ;  5 ; 3000000000 ;        0 ;  998231691
261782195293991 ; ImageProcessing ;  5 ; 3000000000 ;        0 ;  898195944
261783167189011 ; ImageProcessing ;  5 ; 3000000000 ;        0 ;  943747790
261784147765840 ; ImageProcessing ;  5 ; 3000000000 ;        0 ;  910248957
261785107765734 ; ImageProcessing ;  5 ; 3000000000 ;        0 ;  941664627
261786057188928 ; ImageProcessing ;  5 ; 3000000000 ;        0 ;  972226580
261787175978793 ; ImageProcessing ;  5 ; 3000000000 ;        0 ;  863470362
261788069294591 ; ImageProcessing ;  5 ; 3000000000 ;        0 ;  942333802
261789027454872 ; ImageProcessing ;  5 ; 3000000000 ;        0 ;  964737562
261790027454934 ; ImageProcessing ;  5 ; 3000000000 ;        0 ;  957952512
261791006293820 ; ImageProcessing ;  5 ; 3000000000 ;        0 ; 1000982330
261792019871114 ; ImageProcessing ;  5 ; 3000000000 ;        0 ;  989097034
261793027454485 ; ImageProcessing ;  5 ; 3000000000 ;        0 ;  950604927
261793987765612 ; ImageProcessing ;  5 ; 3000000000 ;        0 ; 1017930121
261795011292391 ; ImageProcessing ;  5 ; 3000000000 ;        0 ;  880749487
261795907765394 ; ImageProcessing ;  5 ; 3000000000 ;        0 ;  985661346
261797011869942 ; ImageProcessing ;  5 ; 3000000000 ;        0 ;  845441874
261797894979814 ; ImageProcessing ;  5 ; 3000000000 ;        0 ;  959244440
261798931871958 ; ImageProcessing ;  5 ; 3000000000 ;        0 ;  917827049
261799879981176 ; ImageProcessing ;  5 ; 3000000000 ;        0 ;  955784248
261800851871273 ; ImageProcessing ;  5 ; 3000000000 ;        0 ;  970873598
261801864980444 ; ImageProcessing ;  5 ; 3000000000 ;        0 ;  904997970
261802771871429 ; ImageProcessing ;  5 ; 3000000000 ;        0 ; 1000513303
261803777454940 ; ImageProcessing ;  5 ; 3000000000 ;        0 ;  984521554
261804777454951 ; ImageProcessing ;  5 ; 3000000000 ;        0 ;  948303794
261805747768188 ; ImageProcessing ;  5 ; 3000000000 ;        0 ;  994233773
261806759294267 ; ImageProcessing ;  5 ; 3000000000 ;        0 ;  977735465
261807763870332 ; ImageProcessing ;  5 ; 3000000000 ;        0 ; 1009623055
261808777454633 ; ImageProcessing ;  5 ; 3000000000 ;        0 ;  951736712
261809755189199 ; ImageProcessing ;  5 ; 3000000000 ;        0 ;  969805240
261810764294405 ; ImageProcessing ;  5 ; 3000000000 ;        0 ;  877744460
261811747764574 ; ImageProcessing ;  5 ; 3000000000 ;        0 ;  866886659
261812633294657 ; ImageProcessing ;  5 ; 3000000000 ;        0 ;  968017221
261813667765960 ; ImageProcessing ;  5 ; 3000000000 ;        0 ;  918913403
261814627765352 ; ImageProcessing ;  5 ; 3000000000 ;        0 ;  966186696
261815759980163 ; ImageProcessing ;  5 ; 3000000000 ;        0 ;  786002614
261816547765401 ; ImageProcessing ;  5 ; 3000000000 ;        0 ; 1018113643
261817706296037 ; ImageProcessing ;  5 ; 3000000000 ;        0 ;  810436689
261818527453208 ; ImageProcessing ;  5 ; 3000000000 ;        0 ; 1051674715
261819581191152 ; ImageProcessing ;  5 ; 3000000000 ;        0 ;  908639111
261820523981046 ; ImageProcessing ;  5 ; 3000000000 ;        0 ;  995126072
261821527454148 ; ImageProcessing ;  5 ; 3000000000 ;        0 ;  973858581
261822508980355 ; ImageProcessing ;  5 ; 3000000000 ;        0 ; 1012031851
261823527454210 ; ImageProcessing ;  5 ; 3000000000 ;        0 ;  978231551
261824527455287 ; ImageProcessing ;  5 ; 3000000000 ;        0 ;  975775947
261825527456039 ; ImageProcessing ;  5 ; 3000000000 ;        0 ;  861899691
261826478979589 ; ImageProcessing ;  5 ; 3000000000 ;        0 ;  905638666
261827527454977 ; ImageProcessing ;  5 ; 3000000000 ;        0 ;  833929449
261828386294719 ; ImageProcessing ;  5 ; 3000000000 ;        0 ;  962564613
261829407189177 ; ImageProcessing ;  5 ; 3000000000 ;        0 ;  926050324
261830419871577 ; ImageProcessing ;  5 ; 3000000000 ;        0 ;  926785090
261831427765983 ; ImageProcessing ;  5 ; 3000000000 ;        0 ;  862446083
261832297189160 ; ImageProcessing ;  5 ; 3000000000 ;        0 ;  989834747
261833347765833 ; ImageProcessing ;  5 ; 3000000000 ;        0 ;  928614692
261834277454094 ; ImageProcessing ;  5 ; 3000000000 ;        0 ;  999673840
261835277453979 ; ImageProcessing ;  5 ; 3000000000 ;        0 ;  980758965
261836277454680 ; ImageProcessing ;  5 ; 3000000000 ;        0 ;  950354036
261837277454057 ; ImageProcessing ;  5 ; 3000000000 ;        0 ;  997442527
261838277454941 ; ImageProcessing ;  5 ; 3000000000 ;        0 ;  964813114
261839251870813 ; ImageProcessing ;  5 ; 3000000000 ;        0 ; 1001069873
261840277453156 ; ImageProcessing ;  5 ; 3000000000 ;        0 ;  955482647
261841256189605 ; ImageProcessing ;  5 ; 3000000000 ;        0 ;  896585306
261842227765109 ; ImageProcessing ;  5 ; 3000000000 ;        0 ;  905640643
261843152979804 ; ImageProcessing ;  5 ; 3000000000 ;        0 ;  949476913
261844139293510 ; ImageProcessing ;  5 ; 3000000000 ;        0 ;  950329064
261845107765013 ; ImageProcessing ;  5 ; 3000000000 ;        0 ;  964942011
261846072896807 ; ImageProcessing ;  5 ; 3000000000 ;        0 ; 1140962302
261847213873002 ; ImageProcessing ;  5 ; 3000000000 ;        0 ;  926870801
261848140755431 ; ImageProcessing ;  5 ; 3000000000 ;        0 ;  950127126
261849090896293 ; ImageProcessing ;  5 ; 3000000000 ;        0 ;  911654380
261850002560028 ; ImageProcessing ;  5 ; 3000000000 ;        0 ; 1253576212
261851256151121 ; ImageProcessing ;  5 ; 3000000000 ;        0 ;  771549149
261852067765903 ; ImageProcessing ;  5 ; 3000000000 ;        0 ;  930185058
261853027452622 ; ImageProcessing ;  5 ; 3000000000 ;        0 ;  964971905
261854018296262 ; ImageProcessing ;  5 ; 3000000000 ;        0 ;  983934945
261855027454468 ; ImageProcessing ;  5 ; 3000000000 ;        0 ;  964023923
261855995188341 ; ImageProcessing ;  5 ; 3000000000 ;        0 ;  901874513
261856915870384 ; ImageProcessing ;  5 ; 3000000000 ;        0 ;  982345622
261858018187772 ; ImageProcessing ;  5 ; 3000000000 ;        0 ;  851031544
261858885188637 ; ImageProcessing ;  5 ; 3000000000 ;        0 ;  968551397
261859892299311 ; ImageProcessing ;  5 ; 3000000000 ;        0 ;  950460375
261860908189167 ; ImageProcessing ;  5 ; 3000000000 ;        0 ;  911875869
261861907766386 ; ImageProcessing ;  5 ; 3000000000 ;        0 ;  915452610
261862829294374 ; ImageProcessing ;  5 ; 3000000000 ;        0 ;  941029051
261863777452793 ; ImageProcessing ;  5 ; 3000000000 ;        0 ; 1037702232
261864954187785 ; ImageProcessing ;  5 ; 3000000000 ;        0 ;  784335976
261865747766092 ; ImageProcessing ;  5 ; 3000000000 ;        0 ; 1032294170
261866834295412 ; ImageProcessing ;  5 ; 3000000000 ;        0 ;  907874275
261867766980824 ; ImageProcessing ;  5 ; 3000000000 ;        0 ;  980615606
261868777454934 ; ImageProcessing ;  5 ; 3000000000 ;        0 ;  987479095
261869771295153 ; ImageProcessing ;  5 ; 3000000000 ;        0 ;  994351743
261870777454427 ; ImageProcessing ;  5 ; 3000000000 ;        0 ;  966268509
261871747765354 ; ImageProcessing ;  5 ; 3000000000 ;        0 ;  889817689
261872659871252 ; ImageProcessing ;  5 ; 3000000000 ;        0 ;  963298951
261873624188607 ; ImageProcessing ;  5 ; 3000000000 ;        0 ;  992287882
261874627765401 ; ImageProcessing ;  5 ; 3000000000 ;        0 ;  960797305
261875645292765 ; ImageProcessing ;  5 ; 3000000000 ;        0 ;  947962945
261876713295431 ; ImageProcessing ;  5 ; 3000000000 ;        0 ;  852853319
261877651870157 ; ImageProcessing ;  5 ; 3000000000 ;        0 ;  921863862
261878582294117 ; ImageProcessing ;  5 ; 3000000000 ;        0 ;  958952409
261879571871059 ; ImageProcessing ;  5 ; 3000000000 ;        0 ;  950307667
261880527454230 ; ImageProcessing ;  5 ; 3000000000 ;        0 ;  970561520
261881519294424 ; ImageProcessing ;  5 ; 3000000000 ;        0 ; 1006201372
261882527453738 ; ImageProcessing ;  5 ; 3000000000 ;        0 ;  958717572
261883507765669 ; ImageProcessing ;  5 ; 3000000000 ;        0 ;  987643269
261884527454846 ; ImageProcessing ;  5 ; 3000000000 ;        0 ;  990879082
261885524293707 ; ImageProcessing ;  5 ; 3000000000 ;        0 ;  980715449
261886527455235 ; ImageProcessing ;  5 ; 3000000000 ;        0 ;  957086919
261887496188910 ; ImageProcessing ;  5 ; 3000000000 ;        0 ;  889519597
261888403870746 ; ImageProcessing ;  5 ; 3000000000 ;        0 ;  975094096
261889507763850 ; ImageProcessing ;  5 ; 3000000000 ;        0 ;  854221571
261890386188382 ; ImageProcessing ;  5 ; 3000000000 ;        0 ;  962609442
261891398293539 ; ImageProcessing ;  5 ; 3000000000 ;        0 ;  933413613
261892380979813 ; ImageProcessing ;  5 ; 3000000000 ;        0 ;  949434930
261893347765991 ; ImageProcessing ;  5 ; 3000000000 ;        0 ;  961786967
261894335294835 ; ImageProcessing ;  5 ; 3000000000 ;        0 ;  929331639
261895267765870 ; ImageProcessing ;  5 ; 3000000000 ;        0 ;  987376342
261896277454330 ; ImageProcessing ;  5 ; 3000000000 ;        0 ;  963410814
261897272293613 ; ImageProcessing ;  5 ; 3000000000 ;        0 ;  973941259
261898277452763 ; ImageProcessing ;  5 ; 3000000000 ;        0 ;  973985926
261899277454424 ; ImageProcessing ;  5 ; 3000000000 ;        0 ;  957374938
261900277453071 ; ImageProcessing ;  5 ; 3000000000 ;        0 ;  991996966
261901277292701 ; ImageProcessing ;  5 ; 3000000000 ;        0 ;  949494234
261902227764267 ; ImageProcessing ;  5 ; 3000000000 ;        0 ;  927884372
261903187765288 ; ImageProcessing ;  5 ; 3000000000 ;        0 ;  934241060
261904147765683 ; ImageProcessing ;  5 ; 3000000000 ;        0 ;  970804849
261905125188650 ; ImageProcessing ;  5 ; 3000000000 ;        0 ;  978418967
261906275978841 ; ImageProcessing ;  5 ; 3000000000 ;        0 ;  804281170
261907148189086 ; ImageProcessing ;  5 ; 3000000000 ;        0 ;  925050991
261908219292036 ; ImageProcessing ;  5 ; 3000000000 ;        0 ;  830369504
261909054980481 ; ImageProcessing ;  5 ; 3000000000 ;        0 ; 1008098987
261910088293827 ; ImageProcessing ;  5 ; 3000000000 ;        0 ;  943787938
261911039979551 ; ImageProcessing ;  5 ; 3000000000 ;        0 ; 1019852642
261912061188910 ; ImageProcessing ;  5 ; 3000000000 ;        0 ;  915574584
261912979871054 ; ImageProcessing ;  5 ; 3000000000 ;        0 ; 1059974157
261914084189828 ; ImageProcessing ;  5 ; 3000000000 ;        0 ;  893726415
261915009980406 ; ImageProcessing ;  5 ; 3000000000 ;        0 ; 1001513643
261916027465615 ; ImageProcessing ;  5 ; 3000000000 ;        0 ;  965842903
261916994997277 ; ImageProcessing ;  5 ; 3000000000 ;        0 ;  985702684
261918027455323 ; ImageProcessing ;  5 ; 3000000000 ;        0 ;  865252340
261918899295044 ; ImageProcessing ;  5 ; 3000000000 ;        0 ;  982704425
261919891870777 ; ImageProcessing ;  5 ; 3000000000 ;        0 ;  981011940
261920947766690 ; ImageProcessing ;  5 ; 3000000000 ;        0 ;  896272213
261921887188404 ; ImageProcessing ;  5 ; 3000000000 ;        0 ;  934928148
261922867767406 ; ImageProcessing ;  5 ; 3000000000 ;        0 ;  945234820
261923827765935 ; ImageProcessing ;  5 ; 3000000000 ;        0 ;  972845566
261924883872892 ; ImageProcessing ;  5 ; 3000000000 ;        0 ;  932889015
261925841294540 ; ImageProcessing ;  5 ; 3000000000 ;        0 ;  926953606
261926777453262 ; ImageProcessing ;  5 ; 3000000000 ;        0 ;  981603687
261927777454378 ; ImageProcessing ;  5 ; 3000000000 ;        0 ;  996601380
261928777453759 ; ImageProcessing ;  5 ; 3000000000 ;        0 ;  966177218
261929777454835 ; ImageProcessing ;  5 ; 3000000000 ;        0 ;  974451006
261930777454254 ; ImageProcessing ;  5 ; 3000000000 ;        0 ;  944591352
261931747765392 ; ImageProcessing ;  5 ; 3000000000 ;        0 ; 1020559687
261932777454596 ; ImageProcessing ;  5 ; 3000000000 ;        0 ;  935488310
261933715871474 ; ImageProcessing ;  5 ; 3000000000 ;        0 ;  937285979
261934777452846 ; ImageProcessing ;  5 ; 3000000000 ;        0 ;  836230104
261935635871155 ; ImageProcessing ;  5 ; 3000000000 ;        0 ;  972908673
261936626188578 ; ImageProcessing ;  5 ; 3000000000 ;        0 ;  962920675
261937589293925 ; ImageProcessing ;  5 ; 3000000000 ;        0 ; 1000371877
261938649189134 ; ImageProcessing ;  5 ; 3000000000 ;        0 ;  916919141
261939623979839 ; ImageProcessing ;  5 ; 3000000000 ;        0 ;  913872717
261940627766045 ; ImageProcessing ;  5 ; 3000000000 ;        0 ;  909338975
261941539188570 ; ImageProcessing ;  5 ; 3000000000 ;        0 ;  962479467
261942527454829 ; ImageProcessing ;  5 ; 3000000000 ;        0 ;  990018390
261943527454163 ; ImageProcessing ;  5 ; 3000000000 ;        0 ;  949980065
261944527455466 ; ImageProcessing ;  5 ; 3000000000 ;        0 ;  982435268
261945527453084 ; ImageProcessing ;  5 ; 3000000000 ;        0 ;  954048117
261946527454768 ; ImageProcessing ;  5 ; 3000000000 ;        0 ;  966315772
261947527453363 ; ImageProcessing ;  5 ; 3000000000 ;        0 ;  955411766
261948527455187 ; ImageProcessing ;  5 ; 3000000000 ;        0 ;  876921980
261949459871117 ; ImageProcessing ;  5 ; 3000000000 ;        0 ;  929406384
261950405293696 ; ImageProcessing ;  5 ; 3000000000 ;        0 ;  951366579
261951365188212 ; ImageProcessing ;  5 ; 3000000000 ;        0 ;  984095671
261952387765619 ; ImageProcessing ;  5 ; 3000000000 ;        0 ;  940903150
261953342293297 ; ImageProcessing ;  5 ; 3000000000 ;        0 ;  967343610
261954312978952 ; ImageProcessing ;  5 ; 3000000000 ;        0 ;  991772099
261955411188566 ; ImageProcessing ;  5 ; 3000000000 ;        0 ;  859069981
261956277453756 ; ImageProcessing ;  5 ; 3000000000 ;        0 ; 1038093916
261957347295656 ; ImageProcessing ;  5 ; 3000000000 ;        0 ;  894600969
261958277453090 ; ImageProcessing ;  5 ; 3000000000 ;        0 ; 1013458499
261959347766518 ; ImageProcessing ;  5 ; 3000000000 ;        0 ;  900115731
261960267980055 ; ImageProcessing ;  5 ; 3000000000 ;        0 ;  997402549
261961267765514 ; ImageProcessing ;  5 ; 3000000000 ;        0 ;  974298227
261962252979746 ; ImageProcessing ;  5 ; 3000000000 ;        0 ;  990912110
261963277455132 ; ImageProcessing ;  5 ; 3000000000 ;        0 ;  955623791
261964237980494 ; ImageProcessing ;  5 ; 3000000000 ;        0 ;  902922122
261965203871020 ; ImageProcessing ;  5 ; 3000000000 ;        0 ;  928969078
261966158293674 ; ImageProcessing ;  5 ; 3000000000 ;        0 ;  958705190
261967123871021 ; ImageProcessing ;  5 ; 3000000000 ;        0 ;  966224332
261968127188971 ; ImageProcessing ;  5 ; 3000000000 ;        0 ;  958842921
261969095293649 ; ImageProcessing ;  5 ; 3000000000 ;        0 ;  978372580
261970147763842 ; ImageProcessing ;  5 ; 3000000000 ;        0 ;  898824046
261971107765466 ; ImageProcessing ;  5 ; 3000000000 ;        0 ;  930613884
261972067765157 ; ImageProcessing ;  5 ; 3000000000 ;        0 ;  956154366
261973027454386 ; ImageProcessing ;  5 ; 3000000000 ;        0 ;  967086396
261974027453565 ; ImageProcessing ;  5 ; 3000000000 ;        0 ;  987634812
261975027454969 ; ImageProcessing ;  5 ; 3000000000 ;        0 ;  969817006
261976027455347 ; ImageProcessing ;  5 ; 3000000000 ;        0 ;  975156242
261977027454158 ; ImageProcessing ;  5 ; 3000000000 ;        0 ;  886579622
261978122879744 ; ImageProcessing ;  5 ; 3000000000 ;        0 ;  775303972
261978967456630 ; ImageProcessing ;  5 ; 3000000000 ;        0 ;  914911943
261979902225948 ; ImageProcessing ;  5 ; 3000000000 ;        0 ; 1595910570
261981498626249 ; ImageProcessing ;  5 ; 3000000000 ;        0 ;  384787709
261981883530300 ; ImageProcessing ;  5 ; 3000000000 ;        0 ;  950696652
261982879191323 ; ImageProcessing ;  5 ; 3000000000 ;        0 ;  992392719
261983871608266 ; ImageProcessing ;  5 ; 3000000000 ;        0 ;  947598674
261984848293575 ; ImageProcessing ;  5 ; 3000000000 ;        0 ; 1073701741
261985939869883 ; ImageProcessing ;  5 ; 3000000000 ;        0 ;  847344142
261986866980931 ; ImageProcessing ;  5 ; 3000000000 ;        0 ;  894879329
261987777454730 ; ImageProcessing ;  5 ; 3000000000 ;        0 ;  998778693
261988777454162 ; ImageProcessing ;  5 ; 3000000000 ;        0 ;  955589681
261989777453634 ; ImageProcessing ;  5 ; 3000000000 ;        0 ;  981463144
261990777454447 ; ImageProcessing ;  5 ; 3000000000 ;        0 ;  991156807
261991777454013 ; ImageProcessing ;  5 ; 3000000000 ;        0 ;  960674118
261992777453442 ; ImageProcessing ;  5 ; 3000000000 ;        0 ;  968305793
261993777455087 ; ImageProcessing ;  5 ; 3000000000 ;        0 ;  946584020
261994727293784 ; ImageProcessing ;  5 ; 3000000000 ;        0 ;  924841879
261995787447010 ; ImageProcessing ;  5 ; 3000000000 ;        0 ;  837895318
261996691871486 ; ImageProcessing ;  5 ; 3000000000 ;        0 ;  927226107
261997664294383 ; ImageProcessing ;  5 ; 3000000000 ;        0 ;  963300793
261998707766579 ; ImageProcessing ;  5 ; 3000000000 ;        0 ;  870844391
261999628188857 ; ImageProcessing ;  5 ; 3000000000 ;        0 ;  933021400
262000601294056 ; ImageProcessing ;  5 ; 3000000000 ;        0 ;  947002303
262001555980193 ; ImageProcessing ;  5 ; 3000000000 ;        0 ;  968858516
262002527454809 ; ImageProcessing ;  5 ; 3000000000 ;        0 ;  989938413
262003527453753 ; ImageProcessing ;  5 ; 3000000000 ;        0 ; 1015814331
262004606295663 ; ImageProcessing ;  5 ; 3000000000 ;        0 ;  871830905
262005523869897 ; ImageProcessing ;  5 ; 3000000000 ;        0 ; 1014270713
262006564190218 ; ImageProcessing ;  5 ; 3000000000 ;        0 ;  927999504
262007510980193 ; ImageProcessing ;  5 ; 3000000000 ;        0 ; 1013828563
262008527454461 ; ImageProcessing ;  5 ; 3000000000 ;        0 ;  946800679
262009495980903 ; ImageProcessing ;  5 ; 3000000000 ;        0 ;  972806314
262010480294396 ; ImageProcessing ;  5 ; 3000000000 ;        0 ;  905014778
262011427765388 ; ImageProcessing ;  5 ; 3000000000 ;        0 ;  945534770
262012387765401 ; ImageProcessing ;  5 ; 3000000000 ;        0 ;  987142892
262013417294108 ; ImageProcessing ;  5 ; 3000000000 ;        0 ;  923605756
262014355871015 ; ImageProcessing ;  5 ; 3000000000 ;        0 ;  969213041
262015450979686 ; ImageProcessing ;  5 ; 3000000000 ;        0 ;  857793086
262016354294359 ; ImageProcessing ;  5 ; 3000000000 ;        0 ;  950524434
262017422293373 ; ImageProcessing ;  5 ; 3000000000 ;        0 ;  855739960
262018387766104 ; ImageProcessing ;  5 ; 3000000000 ;        0 ;  880372351
262019277452955 ; ImageProcessing ;  5 ; 3000000000 ;        0 ;  992264860
262020277454937 ; ImageProcessing ;  5 ; 3000000000 ;        0 ;  979049867
262021267764768 ; ImageProcessing ;  5 ; 3000000000 ;        0 ;  983571823
262022277455593 ; ImageProcessing ;  5 ; 3000000000 ;        0 ;  980467339
262023277454633 ; ImageProcessing ;  5 ; 3000000000 ;        0 ;  961111745
262024277454960 ; ImageProcessing ;  5 ; 3000000000 ;        0 ;  974537719
262025277454111 ; ImageProcessing ;  5 ; 3000000000 ;        0 ;  864246868
262026169980102 ; ImageProcessing ;  5 ; 3000000000 ;        0 ;  966923699
262027267764336 ; ImageProcessing ;  5 ; 3000000000 ;        0 ;  851724021
262028154980358 ; ImageProcessing ;  5 ; 3000000000 ;        0 ;  984891253
262029170294153 ; ImageProcessing ;  5 ; 3000000000 ;        0 ;  911589109
262030099871217 ; ImageProcessing ;  5 ; 3000000000 ;        0 ;  986654901
262031107765579 ; ImageProcessing ;  5 ; 3000000000 ;        0 ;  941751836
262032067765900 ; ImageProcessing ;  5 ; 3000000000 ;        0 ;  979805317
262033152188298 ; ImageProcessing ;  5 ; 3000000000 ;        0 ;  864334961
262034019189059 ; ImageProcessing ;  5 ; 3000000000 ;        0 ;  979001091
262035027454781 ; ImageProcessing ;  5 ; 3000000000 ;        0 ;  983996352
262036027453151 ; ImageProcessing ;  5 ; 3000000000 ;        0 ;  950493733
262037011871923 ; ImageProcessing ;  5 ; 3000000000 ;        0 ; 1015813791
262038065189473 ; ImageProcessing ;  5 ; 3000000000 ;        0 ;  933119574
262039027454189 ; ImageProcessing ;  5 ; 3000000000 ;        0 ;  970432727
262040027453051 ; ImageProcessing ;  5 ; 3000000000 ;        0 ;  953950736
262041027455557 ; ImageProcessing ;  5 ; 3000000000 ;        0 ;  858497498
262041907765723 ; ImageProcessing ;  5 ; 3000000000 ;        0 ;  972082863
262042978189625 ; ImageProcessing ;  5 ; 3000000000 ;        0 ;  878445369
262043923872629 ; ImageProcessing ;  5 ; 3000000000 ;        0 ;  944785166
262044923294776 ; ImageProcessing ;  5 ; 3000000000 ;        0 ;  903063341
262045843872230 ; ImageProcessing ;  5 ; 3000000000 ;        0 ;  969178973
262046813980329 ; ImageProcessing ;  5 ; 3000000000 ;        0 ;  984505735
262047860301797 ; ImageProcessing ;  5 ; 3000000000 ;        0 ;  913489229
262048777453920 ; ImageProcessing ;  5 ; 3000000000 ;        0 ; 1000253792
262049827767096 ; ImageProcessing ;  5 ; 3000000000 ;        0 ;  908054821
262050777452805 ; ImageProcessing ;  5 ; 3000000000 ;        0 ; 1003144394
262051865295720 ; ImageProcessing ;  5 ; 3000000000 ;        0 ;  863959447
262052755870114 ; ImageProcessing ;  5 ; 3000000000 ;        0 ; 1017369411
262053777454477 ; ImageProcessing ;  5 ; 3000000000 ;        0 ;  975217112
262054753980439 ; ImageProcessing ;  5 ; 3000000000 ;        0 ; 1010447675
262055777454860 ; ImageProcessing ;  5 ; 3000000000 ;        0 ;  943179291
262056738981590 ; ImageProcessing ;  5 ; 3000000000 ;        0 ;  899637928
262057717189281 ; ImageProcessing ;  5 ; 3000000000 ;        0 ;  904420131
262058707779116 ; ImageProcessing ;  5 ; 3000000000 ;        0 ;  889797232
262059608293723 ; ImageProcessing ;  5 ; 3000000000 ;        0 ;  980845992
262060607188180 ; ImageProcessing ;  5 ; 3000000000 ;        0 ;  965889895
262061587765973 ; ImageProcessing ;  5 ; 3000000000 ;        0 ;  992956941
262062630188854 ; ImageProcessing ;  5 ; 3000000000 ;        0 ;  912868271
262063613295337 ; ImageProcessing ;  5 ; 3000000000 ;        0 ;  957545256
262064653187675 ; ImageProcessing ;  5 ; 3000000000 ;        0 ;  852338991
262065520188633 ; ImageProcessing ;  5 ; 3000000000 ;        0 ; 1003564451
262066527452931 ; ImageProcessing ;  5 ; 3000000000 ;        0 ;  935242977
262067484486022 ; ImageProcessing ;  5 ; 3000000000 ;        0 ; 1376780492
262068861274639 ; ImageProcessing ;  5 ; 3000000000 ;        0 ;  890178771
262069751466738 ; ImageProcessing ;  5 ; 3000000000 ;        0 ;  953103226
262070704581068 ; ImageProcessing ;  5 ; 3000000000 ;        0 ;  921806235
262071626398091 ; ImageProcessing ;  5 ; 3000000000 ;        0 ;  854179212
262072480587615 ; ImageProcessing ;  5 ; 3000000000 ;        0 ; 1144249715
262073624851591 ; ImageProcessing ;  5 ; 3000000000 ;        0 ;  745153296
262074479189048 ; ImageProcessing ;  5 ; 3000000000 ;        0 ;  862598129
262075346189216 ; ImageProcessing ;  5 ; 3000000000 ;        0 ; 1026304706
262076429295938 ; ImageProcessing ;  5 ; 3000000000 ;        0 ;  888931767
262077331871109 ; ImageProcessing ;  5 ; 3000000000 ;        0 ;  965645557
262078298293914 ; ImageProcessing ;  5 ; 3000000000 ;        0 ;  971868402
262079277454029 ; ImageProcessing ;  5 ; 3000000000 ;        0 ;  983315162
262080277455177 ; ImageProcessing ;  5 ; 3000000000 ;        0 ;  982404376
262081267765415 ; ImageProcessing ;  5 ; 3000000000 ;        0 ;  971383717
262082277453151 ; ImageProcessing ;  5 ; 3000000000 ;        0 ;  983207797
262083277454813 ; ImageProcessing ;  5 ; 3000000000 ;        0 ;  953575678
262084243871887 ; ImageProcessing ;  5 ; 3000000000 ;        0 ; 1005060804
262085277452923 ; ImageProcessing ;  5 ; 3000000000 ;        0 ;  984190354
262086277454046 ; ImageProcessing ;  5 ; 3000000000 ;        0 ;  951588835
262087267764322 ; ImageProcessing ;  5 ; 3000000000 ;        0 ;  873948651
262088177296156 ; ImageProcessing ;  5 ; 3000000000 ;        0 ;  936353545
262089187764775 ; ImageProcessing ;  5 ; 3000000000 ;        0 ;  925107874
262090147765860 ; ImageProcessing ;  5 ; 3000000000 ;        0 ;  940450426
262091107766362 ; ImageProcessing ;  5 ; 3000000000 ;        0 ;  977611129
262092108189560 ; ImageProcessing ;  5 ; 3000000000 ;        0 ;  952838435
262093075870895 ; ImageProcessing ;  5 ; 3000000000 ;        0 ;  966864595
262094051294537 ; ImageProcessing ;  5 ; 3000000000 ;        0 ;  970373282
262095027455582 ; ImageProcessing ;  5 ; 3000000000 ;        0 ;  983434261
262096027453012 ; ImageProcessing ;  5 ; 3000000000 ;        0 ;  982199818
262097021188724 ; ImageProcessing ;  5 ; 3000000000 ;        0 ;  968794497
262098026978893 ; ImageProcessing ;  5 ; 3000000000 ;        0 ; 1011053083
262099044188463 ; ImageProcessing ;  5 ; 3000000000 ;        0 ;  930804965
262099987765434 ; ImageProcessing ;  5 ; 3000000000 ;        0 ; 1030832668
262101027454867 ; ImageProcessing ;  5 ; 3000000000 ;        0 ;  961244645
262101996980304 ; ImageProcessing ;  5 ; 3000000000 ;        0 ;  908135839
262103027453798 ; ImageProcessing ;  5 ; 3000000000 ;        0 ;  854002363
262103930294259 ; ImageProcessing ;  5 ; 3000000000 ;        0 ;  944629343
262104979871346 ; ImageProcessing ;  5 ; 3000000000 ;        0 ;  876940963
262105966980708 ; ImageProcessing ;  5 ; 3000000000 ;        0 ;  871345086
262106847189354 ; ImageProcessing ;  5 ; 3000000000 ;        0 ; 1014663707
262107907765578 ; ImageProcessing ;  5 ; 3000000000 ;        0 ;  893714408
262108819870998 ; ImageProcessing ;  5 ; 3000000000 ;        0 ;  991619857
262109827765655 ; ImageProcessing ;  5 ; 3000000000 ;        0 ;  934152023
262110777454261 ; ImageProcessing ;  5 ; 3000000000 ;        0 ;  999406858
262111777454312 ; ImageProcessing ;  5 ; 3000000000 ;        0 ;  960280940
262112741293710 ; ImageProcessing ;  5 ; 3000000000 ;        0 ; 1010337323
262113777453414 ; ImageProcessing ;  5 ; 3000000000 ;        0 ;  976501287
262114777456150 ; ImageProcessing ;  5 ; 3000000000 ;        0 ;  967927966
262115777454579 ; ImageProcessing ;  5 ; 3000000000 ;        0 ;  955663112
262116746293790 ; ImageProcessing ;  5 ; 3000000000 ;        0 ; 1002603933
262117777454852 ; ImageProcessing ;  5 ; 3000000000 ;        0 ;  860413749
262118670980551 ; ImageProcessing ;  5 ; 3000000000 ;        0 ;  954688235
262119667766072 ; ImageProcessing ;  5 ; 3000000000 ;        0 ;  955799500
262120627769890 ; ImageProcessing ;  5 ; 3000000000 ;        0 ;  989291174
262121777456572 ; ImageProcessing ;  5 ; 3000000000 ;        0 ;  816532549
262122620294430 ; ImageProcessing ;  5 ; 3000000000 ;        0 ;  987414052
262123609189456 ; ImageProcessing ;  5 ; 3000000000 ;        0 ;  940414537
262124563871428 ; ImageProcessing ;  5 ; 3000000000 ;        0 ;  985079569
262125557294566 ; ImageProcessing ;  5 ; 3000000000 ;        0 ;  962488287
262126527455044 ; ImageProcessing ;  5 ; 3000000000 ;        0 ;  981995389
262127527455174 ; ImageProcessing ;  5 ; 3000000000 ;        0 ;  949325104
262128494294169 ; ImageProcessing ;  5 ; 3000000000 ;        0 ;  991933498
262129507767326 ; ImageProcessing ;  5 ; 3000000000 ;        0 ;  990060003
262130527453594 ; ImageProcessing ;  5 ; 3000000000 ;        0 ;  951532370
262131527456439 ; ImageProcessing ;  5 ; 3000000000 ;        0 ;  959358382
262132499293620 ; ImageProcessing ;  5 ; 3000000000 ;        0 ;  979545045
262133527456420 ; ImageProcessing ;  5 ; 3000000000 ;        0 ;  863715932
262134527453311 ; ImageProcessing ;  5 ; 3000000000 ;        0 ;  845433051
262135436295689 ; ImageProcessing ;  5 ; 3000000000 ;        0 ;  932776242
262136467764962 ; ImageProcessing ;  5 ; 3000000000 ;        0 ;  888189220
262137427767594 ; ImageProcessing ;  5 ; 3000000000 ;        0 ;  886711367
262138348188758 ; ImageProcessing ;  5 ; 3000000000 ;        0 ;  982839142
262139347765690 ; ImageProcessing ;  5 ; 3000000000 ;        0 ;  937283756
262140307765644 ; ImageProcessing ;  5 ; 3000000000 ;        0 ;  966450129
262141277454505 ; ImageProcessing ;  5 ; 3000000000 ;        0 ; 1017233809
262142378294684 ; ImageProcessing ;  5 ; 3000000000 ;        0 ;  856121049
262143261187495 ; ImageProcessing ;  5 ; 3000000000 ;        0 ;  984350701
262144247295029 ; ImageProcessing ;  5 ; 3000000000 ;        0 ;  989276563
262145269979163 ; ImageProcessing ;  5 ; 3000000000 ;        0 ; 1017531359
262146307767540 ; ImageProcessing ;  5 ; 3000000000 ;        0 ;  932283169
262147254980540 ; ImageProcessing ;  5 ; 3000000000 ;        0 ;  982843351
262148252293772 ; ImageProcessing ;  5 ; 3000000000 ;        0 ;  896161916
262149187765577 ; ImageProcessing ;  5 ; 3000000000 ;        0 ;  940582854
262150147765814 ; ImageProcessing ;  5 ; 3000000000 ;        0 ;  971121697
262151189294816 ; ImageProcessing ;  5 ; 3000000000 ;        0 ;  911937368
262152211869966 ; ImageProcessing ;  5 ; 3000000000 ;        0 ;  875188885
262153087189207 ; ImageProcessing ;  5 ; 3000000000 ;        0 ;  981820757
262154126294987 ; ImageProcessing ;  5 ; 3000000000 ;        0 ;  948755602
262155110188985 ; ImageProcessing ;  5 ; 3000000000 ;        0 ;  933933898
262156051871302 ; ImageProcessing ;  5 ; 3000000000 ;        0 ; 1026719524
262157107765484 ; ImageProcessing ;  5 ; 3000000000 ;        0 ;  893318412
262158027455714 ; ImageProcessing ;  5 ; 3000000000 ;        0 ;  992444457
262159027454026 ; ImageProcessing ;  5 ; 3000000000 ;        0 ;  943562279
262159987765496 ; ImageProcessing ;  5 ; 3000000000 ;        0 ; 1010756411
262161027453134 ; ImageProcessing ;  5 ; 3000000000 ;        0 ;  972692929
262162027455093 ; ImageProcessing ;  5 ; 3000000000 ;        0 ;  957264992
262163027454801 ; ImageProcessing ;  5 ; 3000000000 ;        0 ;  961832928
262164005294287 ; ImageProcessing ;  5 ; 3000000000 ;        0 ;  888191950
262164936189389 ; ImageProcessing ;  5 ; 3000000000 ;        0 ;  949953817
262165913985516 ; ImageProcessing ;  5 ; 3000000000 ;        0 ;  956532552
262166942294914 ; ImageProcessing ;  5 ; 3000000000 ;        0 ;  901221462
262167898980615 ; ImageProcessing ;  5 ; 3000000000 ;        0 ;  969175482
262168982188973 ; ImageProcessing ;  5 ; 3000000000 ;        0 ;  822993768
262169827765896 ; ImageProcessing ;  5 ; 3000000000 ;        0 ;  979524883
262170947294353 ; ImageProcessing ;  5 ; 3000000000 ;        0 ;  822715202
262171777454353 ; ImageProcessing ;  5 ; 3000000000 ;        0 ;  992808084
262172777454931 ; ImageProcessing ;  5 ; 3000000000 ;        0 ;  980284069
262173777454586 ; ImageProcessing ;  5 ; 3000000000 ;        0 ;  948633574
262174762188865 ; ImageProcessing ;  5 ; 3000000000 ;        0 ;  973545596
262175753306210 ; ImageProcessing ;  5 ; 3000000000 ;        0 ;  986882251
262176777452999 ; ImageProcessing ;  5 ; 3000000000 ;        0 ;  972450499
262177777455324 ; ImageProcessing ;  5 ; 3000000000 ;        0 ;  960505737
262178777455221 ; ImageProcessing ;  5 ; 3000000000 ;        0 ;  936855410
262179758293019 ; ImageProcessing ;  5 ; 3000000000 ;        0 ;  884229922
262180777454280 ; ImageProcessing ;  5 ; 3000000000 ;        0 ;  836684627
262181627304411 ; ImageProcessing ;  5 ; 3000000000 ;        0 ;  980742717
262182695294872 ; ImageProcessing ;  5 ; 3000000000 ;        0 ;  894155625
262183699870092 ; ImageProcessing ;  5 ; 3000000000 ;        0 ;  872356497
262184572979982 ; ImageProcessing ;  5 ; 3000000000 ;        0 ;  990484199
262185619871437 ; ImageProcessing ;  5 ; 3000000000 ;        0 ;  929763443
262186557979672 ; ImageProcessing ;  5 ; 3000000000 ;        0 ;  960809329
262187527454211 ; ImageProcessing ;  5 ; 3000000000 ;        0 ; 1015730759
262188547764123 ; ImageProcessing ;  5 ; 3000000000 ;        0 ;  976376789
262189527455009 ; ImageProcessing ;  5 ; 3000000000 ;        0 ;  946103373
262190527452905 ; ImageProcessing ;  5 ; 3000000000 ;        0 ;  965033783
262191506294894 ; ImageProcessing ;  5 ; 3000000000 ;        0 ;  980983787
262192512979235 ; ImageProcessing ;  5 ; 3000000000 ;        0 ; 1009228224
262193527454320 ; ImageProcessing ;  5 ; 3000000000 ;        0 ;  959696775
262194497979812 ; ImageProcessing ;  5 ; 3000000000 ;        0 ;  904858446
262195507766125 ; ImageProcessing ;  5 ; 3000000000 ;        0 ;  866078654
262196437190835 ; ImageProcessing ;  5 ; 3000000000 ;        0 ;  926111877
262197380293649 ; ImageProcessing ;  5 ; 3000000000 ;        0 ;  961855542
262198387765569 ; ImageProcessing ;  5 ; 3000000000 ;        0 ; 1037299232
