      timestamp ;            Chain ; ID ;   deadline ;   duration
102764222791132 ; VoiceRecognition ;  1 ; 10000000000 ; 2450242070
102768000485297 ; VoiceRecognition ;  1 ; 10000000000 ; 5843943015
102773988200211 ; VoiceRecognition ;  1 ; 10000000000 ; 4182802214
102779056111237 ; VoiceRecognition ;  1 ; 10000000000 ; 1763630457
102780968229217 ; VoiceRecognition ;  1 ; 10000000000 ; 3029131964
102784894648060 ; VoiceRecognition ;  1 ; 10000000000 ; 2245788209
102788415643370 ; VoiceRecognition ;  1 ; 10000000000 ; 2607395183
102791914863687 ; VoiceRecognition ;  1 ; 10000000000 ; 2602451110
102794660823682 ; VoiceRecognition ;  1 ; 10000000000 ; 2291107052
102797095598011 ; VoiceRecognition ;  1 ; 10000000000 ; 2538369356
102799777287000 ; VoiceRecognition ;  1 ; 10000000000 ; 2279905060
102802200403449 ; VoiceRecognition ;  1 ; 10000000000 ; 1942175115
102805034722593 ; VoiceRecognition ;  1 ; 10000000000 ; 6720237239
102811897999755 ; VoiceRecognition ;  1 ; 10000000000 ; 7301538029
102819342257108 ; VoiceRecognition ;  1 ; 10000000000 ; 3289423347
102823517633397 ; VoiceRecognition ;  1 ; 10000000000 ; 1641708560
102825302700538 ; VoiceRecognition ;  1 ; 10000000000 ; 3457764312
102828950262618 ; VoiceRecognition ;  1 ; 10000000000 ; 2608938510
102831568254746 ; VoiceRecognition ;  1 ; 10000000000 ; 3129361362
102835586608913 ; VoiceRecognition ;  1 ; 10000000000 ; 2660467541
102838390202750 ; VoiceRecognition ;  1 ; 10000000000 ; 2258927409
102840792384858 ; VoiceRecognition ;  1 ; 10000000000 ; 2417889422
102843399347368 ; VoiceRecognition ;  1 ; 10000000000 ; 2225918088
102846762990470 ; VoiceRecognition ;  1 ; 10000000000 ; 2207019641
102849858309900 ; VoiceRecognition ;  1 ; 10000000000 ; 5568344616
102858325164262 ; VoiceRecognition ;  1 ; 10000000000 ; 1769816140
102860983045030 ; VoiceRecognition ;  1 ; 10000000000 ; 1770261510
102863643220520 ; VoiceRecognition ;  1 ; 10000000000 ; 2581204854
102866413677423 ; VoiceRecognition ;  1 ; 10000000000 ; 2499751885
102868922650092 ; VoiceRecognition ;  1 ; 10000000000 ; 2807577196
102873451429634 ; VoiceRecognition ;  1 ; 10000000000 ; 1771859817
102876114658419 ; VoiceRecognition ;  1 ; 10000000000 ; 1664743320
102877922769690 ; VoiceRecognition ;  1 ; 10000000000 ; 2251925284
102880317794007 ; VoiceRecognition ;  1 ; 10000000000 ; 2363373756
102882824466623 ; VoiceRecognition ;  1 ; 10000000000 ; 2280762497
102885248821166 ; VoiceRecognition ;  1 ; 10000000000 ; 2037905770
102888619123680 ; VoiceRecognition ;  1 ; 10000000000 ; 2198099559
102890960554743 ; VoiceRecognition ;  1 ; 10000000000 ; 2252150238
102893356058749 ; VoiceRecognition ;  1 ; 10000000000 ; 2232321373
102895731607831 ; VoiceRecognition ;  1 ; 10000000000 ; 2263805733
102898138819449 ; VoiceRecognition ;  1 ; 10000000000 ; 1981457575
102901009968253 ; VoiceRecognition ;  1 ; 10000000000 ; 6589438074
102907742302729 ; VoiceRecognition ;  1 ; 10000000000 ; 3080315922
102912149742121 ; VoiceRecognition ;  1 ; 10000000000 ; 1774089871
102914072354165 ; VoiceRecognition ;  1 ; 10000000000 ; 2453373567
102916715176511 ; VoiceRecognition ;  1 ; 10000000000 ; 2632581822
102919356812978 ; VoiceRecognition ;  1 ; 10000000000 ; 3533206387
102923033259958 ; VoiceRecognition ;  1 ; 10000000000 ; 2318902706
102925496093275 ; VoiceRecognition ;  1 ; 10000000000 ; 2853507728
102928358950006 ; VoiceRecognition ;  1 ; 10000000000 ; 2465605156
102930833799683 ; VoiceRecognition ;  1 ; 10000000000 ; 1841744582
102933562268448 ; VoiceRecognition ;  1 ; 10000000000 ; 1771255555
102936223879903 ; VoiceRecognition ;  1 ; 10000000000 ; 1770222661
102938142341498 ; VoiceRecognition ;  1 ; 10000000000 ; 5471555300
102946670098826 ; VoiceRecognition ;  1 ; 10000000000 ; 1772660388
102949333422838 ; VoiceRecognition ;  1 ; 10000000000 ; 3993133653
102953469836740 ; VoiceRecognition ;  1 ; 10000000000 ; 2287388750
102955900547881 ; VoiceRecognition ;  1 ; 10000000000 ; 2133450058
102958477653687 ; VoiceRecognition ;  1 ; 10000000000 ; 1766593465
102961134664319 ; VoiceRecognition ;  1 ; 10000000000 ; 2565873197
102963843940353 ; VoiceRecognition ;  1 ; 10000000000 ; 2406917089
